MaGiaoDan;MaHonPhoi;SoThuTu;MaGiaoXuRieng;UpdateDate;DeleteClient
3481;861;1;;;0
3483;863;1;;;0
1975;863;1;;;0
3482;862;1;;;0
2613;862;1;;;0
3470;859;1;;;0
135;859;1;;;0
479;112;1;;;0
478;112;1;;;0
3462;858;1;;;0
3630;905;1;;;0
3648;909;1;;;0
361;909;1;;;0
283;64;1;;;0
284;64;1;;;0
1049;243;1;;;0
1050;243;1;;;0
1724;409;1;;;0
1725;409;1;;;0
3265;810;1;;;0
3266;810;1;;;0
3218;800;1;;;0
3219;800;1;;;0
1882;446;1;;;0
1883;446;1;;;0
2052;491;1;;;0
2053;491;1;;;0
2175;523;1;;;0
2176;523;1;;;0
2312;563;1;;;0
2313;563;1;;;0
3370;834;1;;;0
3371;834;1;;;0
281;63;1;;;0
280;63;1;;;0
3518;871;1;;;0
3519;872;1;;;0
964;872;1;;;0
1179;274;1;;;0
1178;274;1;;;0
1732;412;1;;;0
1731;412;1;;;0
3328;104;1;;;0
445;104;1;;;0
3520;873;1;;;0
1779;873;1;;;0
3360;831;1;;;0
3359;831;1;;;0
122;29;1;;;0
121;29;1;;;0
272;61;1;;;0
271;61;1;;;0
1786;424;1;;;0
1785;424;1;;;0
3142;775;1;;;0
3141;775;1;;;0
3542;878;1;;;0
2727;878;1;;;0
3543;879;1;;;0
3126;879;1;;;0
1207;283;1;;;0
1206;283;1;;;0
2212;533;1;;;0
3550;886;1;;;0
749;886;1;;;0
859;201;1;;;0
858;201;1;;;0
911;213;1;;;0
910;213;1;;;0
1273;300;1;;;0
1272;300;1;;;0
1380;332;1;;;0
1379;332;1;;;0
249;56;1;;;0
3488;865;1;;;0
3645;907;1;;;0
3652;912;1;;;0
462;912;1;;;0
3651;911;1;;;0
2583;911;1;;;0
1138;264;1;;;0
1137;264;1;;;0
3665;917;1;;;0
2587;632;1;;;0
2586;632;1;;;0
2366;579;1;;;0
2365;579;1;;;0
3672;919;1;;;0
567;919;1;;;0
3674;920;1;;;0
2642;920;1;;;0
3675;921;1;;;0
1388;921;1;;;0
397;92;1;;;0
396;92;1;;;0
3536;876;1;;;0
3700;927;1;;;0
218;48;1;;;0
217;48;1;;;0
3306;820;1;;;0
3417;847;1;;;0
3407;846;1;;;0
3323;823;1;;;0
3211;798;1;;;0
3437;852;1;;;0
3686;923;1;;;0
2344;572;1;;;0
3514;869;1;;;0
3453;856;1;;;0
3273;812;1;;;0
3627;903;1;;;0
3375;835;1;;;0
3688;924;1;;;0
837;197;1;;;0
836;197;1;;;0
3660;913;1;;;0
3660;964;2;;;0
1139;964;1;;;0
3390;806;1;;;0
2492;610;1;;;0
2212;881;2;;;0
1642;389;1;;;0
1641;389;1;;;0
3303;819;1;;;0
3419;848;1;;;0
3279;815;1;;;0
1100;949;1;;;0
3381;838;1;;;0
3379;837;1;;;0
2237;541;1;;;0
2236;541;1;;;0
312;71;1;;;0
311;71;1;;;0
1249;294;1;;;0
1247;294;1;;;0
3297;818;1;;;0
1197;279;1;;;0
1196;279;1;;;0
1167;271;1;;;0
1166;271;1;;;0
368;84;1;;;0
367;84;1;;;0
2034;486;1;;;0
2033;486;1;;;0
3399;843;1;;;0
1670;395;1;;;0
1669;395;1;;;0
3796;997;1;;;0
276;997;1;;;0
3803;999;1;;;0
154;999;1;;;0
3810;1004;1;;;0
2249;1004;1;;;0
806;190;1;;;0
805;190;1;;;0
714;169;1;;;0
713;169;1;;;0
3868;1018;1;;;0
60;1018;1;;;0
3869;1019;1;;;0
105;1019;1;;;0
3870;1020;1;;;0
1921;1020;1;;;0
3871;1021;1;;;0
1974;1021;1;;;0
3874;1024;1;;;0
1614;1024;1;;;0
3875;1025;1;;;0
1514;1025;1;;;0
3876;1027;1;;;0
5;1027;1;;;0
3877;1028;1;;;0
1435;1028;1;;;0
3878;1029;1;;;0
412;1029;1;;;0
3879;1030;1;;;0
735;1030;1;;;0
3881;1032;1;;;0
2666;1032;1;;;0
3882;1033;1;;;0
2026;1033;1;;;0
2359;576;1;;;0
2358;576;1;;;0
3894;1036;1;;;0
1908;1036;1;;;0
3880;1031;1;;;0
1515;1031;1;;;0
1590;378;1;;;0
1589;378;1;;;0
2080;497;1;;;0
2079;497;1;;;0
3924;1046;1;;;0
2643;1046;1;;;0
3946;1053;1;;;0
2715;1053;1;;;0
1518;362;1;;;0
1517;362;1;;;0
2147;1056;1;;;0
3949;1056;1;;;0
1482;355;1;;;0
1483;355;1;;;0
1545;368;1;;;0
1544;368;1;;;0
3775;1063;1;;;0
3106;1063;2;;;0
3980;1064;1;;;0
3106;1064;3;;;0
1303;259;1;;;0
1116;259;1;;;0
1596;379;1;;;0
1595;379;1;;;0
3994;1073;1;;;0
3034;1073;1;;;0
1414;340;1;;;0
1413;340;1;;;0
1995;476;1;;;0
1994;476;1;;;0
1340;320;1;;;0
1339;320;1;;;0
917;215;1;;;0
918;215;1;;;0
2101;502;1;;;0
2122;502;1;;;0
1631;386;1;;;0
1630;386;1;;;0
356;81;1;;;0
355;81;1;;;0
1471;352;1;;;0
1470;352;1;;;0
875;205;1;;;0
874;205;1;;;0
516;121;1;;;0
515;121;1;;;0
1398;336;1;;;0
1397;336;1;;;0
287;65;1;;;0
286;65;1;;;0
310;70;1;;;0
309;70;1;;;0
1130;262;1;;;0
1129;262;1;;;0
2868;698;1;;;0
2867;698;1;;;0
4119;1114;1;;;0
4118;1114;1;;;0
4120;1115;1;;;0
3742;1115;1;;;0
4123;1117;1;;;0
3767;1117;1;;;0
4125;1118;1;;;0
4124;1118;1;;;0
941;220;1;;;0
940;220;1;;;0
4127;1119;1;;;0
4126;1119;1;;;0
4128;1120;1;;;0
1695;1120;1;;;0
999;233;1;;;0
998;233;1;;;0
4130;1121;1;;;0
4129;1121;1;;;0
4131;1122;1;;;0
3720;1122;1;;;0
4132;1123;1;;;0
143;1123;1;;;0
4133;1124;1;;;0
3743;1124;1;;;0
4134;1125;1;;;0
3744;1125;1;;;0
1429;344;1;;;0
1428;344;1;;;0
2085;498;1;;;0
2084;498;1;;;0
2202;530;1;;;0
2201;530;1;;;0
1886;447;1;;;0
1885;447;1;;;0
414;96;1;;;0
413;96;1;;;0
2405;589;1;;;0
2404;589;1;;;0
3967;1060;1;;;0
2631;1060;1;;;0
2745;668;1;;;0
2744;668;1;;;0
1342;996;1;;;0
1341;996;1;;;0
2006;479;1;;;0
2005;479;1;;;0
4192;1144;1;;;0
4154;1144;1;;;0
1332;317;1;;;0
1331;317;1;;;0
1890;448;1;;;0
1889;448;1;;;0
1223;287;1;;;0
1222;287;1;;;0
3872;1022;1;;;0
21;1022;1;;;0
2232;540;1;;;0
2231;540;1;;;0
3518;938;2;;;0
1328;938;1;;;0
4239;1159;1;;;0
2874;700;1;;;0
2873;700;1;;;0
3236;802;1;;;0
3235;802;1;;;0
2221;535;1;;;0
2220;535;1;;;0
2043;489;1;;;0
2042;489;1;;;0
771;975;1;;;0
3776;975;1;;;0
632;148;1;;;0
631;148;1;;;0
2536;621;1;;;0
2535;621;1;;;0
636;149;1;;;0
635;149;1;;;0
2562;626;1;;;0
2561;626;1;;;0
4047;1092;1;;;0
4046;1092;1;;;0
2169;520;1;;;0
2168;520;1;;;0
1711;406;1;;;0
1710;406;1;;;0
586;137;1;;;0
585;137;1;;;0
482;113;1;;;0
481;113;1;;;0
1258;296;1;;;0
1257;296;1;;;0
4122;1116;1;;;0
4121;1116;1;;;0
3326;454;1;;;0
1909;454;1;;;0
3177;784;1;;;0
3176;784;1;;;0
1386;334;1;;;0
1385;334;1;;;0
1988;474;1;;;0
1987;474;1;;;0
1557;371;1;;;0
1556;371;1;;;0
1337;319;1;;;0
1336;319;1;;;0
3405;988;1;;;0
598;988;1;;;0
3253;991;1;;;0
616;991;1;;;0
4350;1182;1;;;0
3733;1182;1;;;0
2640;644;1;;;0
2639;644;1;;;0
1639;388;1;;;0
1638;388;1;;;0
4360;1186;1;;;0
4361;1186;1;;;0
4359;1185;1;;;0
4358;1185;1;;;0
1240;292;1;;;0
1239;292;1;;;0
4377;1197;1;;;0
4376;1197;1;;;0
4375;1195;1;;;0
2776;1195;1;;;0
3288;817;1;;;0
3287;817;1;;;0
2984;731;1;;;0
2983;731;1;;;0
1187;275;1;;;0
1185;275;1;;;0
4405;1206;1;;;0
4403;1206;1;;;0
89;21;1;;;0
88;21;1;;;0
979;228;1;;;0
978;228;1;;;0
1626;385;1;;;0
1625;385;1;;;0
1764;419;1;;;0
1763;419;1;;;0
784;184;1;;;0
783;184;1;;;0
798;188;1;;;0
797;188;1;;;0
905;212;1;;;0
904;212;1;;;0
1447;348;1;;;0
1446;348;1;;;0
2601;1175;1;;;0
4292;1175;1;;;0
1846;439;1;;;0
1845;439;1;;;0
1090;253;1;;;0
1089;253;1;;;0
3932;1050;1;;;0
1739;1050;1;;;0
1349;323;1;;;0
1348;323;1;;;0
3367;864;1;;;0
3484;864;1;;;0
4331;1180;1;;;0
4330;1180;1;;;0
863;202;1;;;0
862;202;1;;;0
2379;582;1;;;0
2378;582;1;;;0
4520;1230;1;;;0
3908;1230;1;;;0
1954;466;1;;;0
1953;466;1;;;0
4530;1232;1;;;0
330;1232;1;;;0
4407;1207;1;;;0
528;1207;1;;;0
4428;1213;1;;;0
4427;1213;1;;;0
4531;1234;1;;;0
2063;1234;1;;;0
4533;1236;1;;;0
1099;1236;1;;;0
1269;299;1;;;0
1268;299;1;;;0
1394;1187;1;;;0
1866;1187;1;;;0
2036;487;;;;0
2037;487;;;;0
350;80;;;;0
351;80;;;;0
2001;478;;;;0
2002;478;;;;0
1377;331;1;;;0
1376;331;1;;;0
4571;1248;1;;;0
737;1248;1;;;0
4572;1249;1;;;0
1740;1249;1;;;0
700;165;1;;;0
699;165;1;;;0
552;128;1;;;0
551;128;1;;;0
3650;989;1;;;0
1591;989;1;;;0
1834;435;1;;;0
1833;435;1;;;0
751;176;1;;;0
750;176;1;;;0
2975;727;1;;;0
2974;727;1;;;0
2811;681;1;;;0
2810;681;1;;;0
2357;575;1;;;0
2356;575;1;;;0
4605;1260;1;;;0
2062;1260;1;;;0
3427;849;1;;;0
3426;849;1;;;0
922;216;1;;;0
921;216;1;;;0
3516;870;1;;;0
3515;870;1;;;0
377;87;1;;;0
376;87;1;;;0
509;119;1;;;0
508;119;1;;;0
525;123;1;;;0
524;123;1;;;0
646;151;1;;;0
645;151;1;;;0
1335;318;1;;;0
1334;318;1;;;0
1356;326;1;;;0
1355;326;1;;;0
3431;850;1;;;0
3430;850;1;;;0
1827;433;1;;;0
1826;433;1;;;0
2093;500;1;;;0
2092;500;1;;;0
2155;516;1;;;0
2154;516;1;;;0
2956;722;1;;;0
2955;722;1;;;0
3012;740;1;;;0
3011;740;1;;;0
3018;742;1;;;0
3017;742;1;;;0
3091;762;1;;;0
3090;762;1;;;0
647;951;1;;;0
3348;951;1;;;0
3181;786;1;;;0
3180;786;1;;;0
3191;789;1;;;0
3190;789;1;;;0
3213;799;1;;;0
3212;799;1;;;0
3536;933;2;;;0
336;933;1;;;0
3647;943;1;;;0
1621;943;1;;;0
3829;1008;1;;;0
3828;1008;1;;;0
4070;1102;1;;;0
4069;1102;1;;;0
117;27;1;;;0
116;27;1;;;0
214;47;1;;;0
213;47;1;;;0
577;135;1;;;0
576;135;1;;;0
660;155;1;;;0
659;155;1;;;0
829;195;1;;;0
828;195;1;;;0
952;223;1;;;0
951;223;1;;;0
1011;235;1;;;0
1010;235;1;;;0
1135;263;1;;;0
1134;263;1;;;0
1203;282;1;;;0
1202;282;1;;;0
1234;290;1;;;0
1233;290;1;;;0
1322;314;1;;;0
1321;314;1;;;0
1440;346;1;;;0
1439;346;1;;;0
1501;358;1;;;0
1500;358;1;;;0
1813;430;1;;;0
1812;430;1;;;0
1892;449;1;;;0
1891;449;1;;;0
1984;473;1;;;0
1983;473;1;;;0
2057;492;1;;;0
2056;492;1;;;0
2402;588;1;;;0
2401;588;1;;;0
2630;642;1;;;0
2629;642;1;;;0
2648;646;1;;;0
2647;646;1;;;0
4245;1161;1;;;0
4244;1161;1;;;0
3521;874;1;;;0
2078;874;1;;;0
2935;716;1;;;0
2934;716;1;;;0
3057;753;1;;;0
3056;753;1;;;0
3179;785;1;;;0
3178;785;1;;;0
3203;794;1;;;0
3202;794;1;;;0
3303;978;2;;;0
992;978;1;;;0
1571;973;1;;;0
578;973;1;;;0
3604;897;1;;;0
3603;897;1;;;0
3610;898;1;;;0
3609;898;1;;;0
3614;899;1;;;0
3613;899;1;;;0
3885;1034;1;;;0
3884;1034;1;;;0
3832;1009;1;;;0
3831;1009;1;;;0
3856;1014;1;;;0
3840;1014;1;;;0
4205;1145;1;;;0
4204;1145;1;;;0
4450;1217;1;;;0
4449;1217;1;;;0
47;12;1;;;0
46;12;1;;;0
195;43;1;;;0
194;43;1;;;0
1065;247;1;;;0
1064;247;1;;;0
1218;286;1;;;0
1217;286;1;;;0
1672;396;1;;;0
1671;396;1;;;0
1839;437;1;;;0
1838;437;1;;;0
1998;477;1;;;0
1997;477;1;;;0
4502;1226;1;;;0
4501;1226;1;;;0
2419;592;1;;;0
2418;592;1;;;0
2449;600;1;;;0
2448;600;1;;;0
2505;614;1;;;0
2504;614;1;;;0
2533;620;1;;;0
2532;620;1;;;0
4079;1105;1;;;0
4078;1105;1;;;0
2676;652;1;;;0
2675;652;1;;;0
2807;680;1;;;0
2806;680;1;;;0
2963;724;1;;;0
2962;724;1;;;0
3099;764;1;;;0
3098;764;1;;;0
3108;767;1;;;0
3107;767;1;;;0
3111;768;1;;;0
3110;768;1;;;0
3117;770;1;;;0
3116;770;1;;;0
3549;885;1;;;0
2917;885;1;;;0
3201;793;1;;;0
3200;793;1;;;0
867;982;1;;;0
1100;982;2;;;0
3565;891;1;;;0
3564;891;1;;;0
826;194;1;;;0
825;194;1;;;0
1160;269;1;;;0
1159;269;1;;;0
1175;273;1;;;0
1174;273;1;;;0
1277;301;1;;;0
1276;301;1;;;0
1368;329;1;;;0
1367;329;1;;;0
1508;360;1;;;0
1507;360;1;;;0
1527;364;1;;;0
1526;364;1;;;0
1959;468;1;;;0
1958;468;1;;;0
2089;499;1;;;0
2088;499;1;;;0
2317;565;1;;;0
2316;565;1;;;0
2460;603;1;;;0
2459;603;1;;;0
2529;619;1;;;0
2528;619;1;;;0
2821;685;1;;;0
2820;685;1;;;0
2832;689;1;;;0
2831;689;1;;;0
2872;699;1;;;0
2871;699;1;;;0
2967;725;1;;;0
2966;725;1;;;0
3899;1038;1;;;0
3898;1038;1;;;0
258;58;1;;;0
257;58;1;;;0
619;146;1;;;0
618;146;1;;;0
1758;417;1;;;0
1757;417;1;;;0
1837;436;1;;;0
1836;436;1;;;0
947;222;1;;;0
946;222;1;;;0
341;78;1;;;0
340;78;1;;;0
2381;583;1;;;0
3271;968;1;;;0
3248;974;1;;;0
2408;974;1;;;0
2380;583;1;;;0
2445;599;1;;;0
2444;599;1;;;0
2672;651;1;;;0
2671;651;1;;;0
52;13;1;;;0
51;13;1;;;0
289;66;1;;;0
288;66;1;;;0
404;94;1;;;0
403;94;1;;;0
505;118;1;;;0
504;118;1;;;0
3277;814;1;;;0
3276;814;1;;;0
3306;941;2;;;0
1436;941;1;;;0
327;968;1;;;0
438;101;1;;;0
437;101;1;;;0
656;154;1;;;0
655;154;1;;;0
1214;285;1;;;0
1213;285;1;;;0
1305;309;1;;;0
1304;309;1;;;0
1562;372;1;;;0
1561;372;1;;;0
1635;387;1;;;0
1634;387;1;;;0
1697;402;1;;;0
1696;402;1;;;0
2566;627;1;;;0
2565;627;1;;;0
1737;413;1;;;0
1736;413;1;;;0
4103;1109;1;;;0
4102;1109;1;;;0
2558;625;1;;;0
2557;625;1;;;0
2597;635;1;;;0
2596;635;1;;;0
2798;677;1;;;0
2797;677;1;;;0
3448;855;1;;;0
3447;855;1;;;0
3275;969;1;;;0
362;969;1;;;0
1061;246;1;;;0
1060;246;1;;;0
3627;960;2;;;0
1496;960;1;;;0
1451;349;1;;;0
1450;349;1;;;0
1808;429;1;;;0
1807;429;1;;;0
1875;444;1;;;0
1874;444;1;;;0
1931;460;1;;;0
1930;460;1;;;0
2900;707;1;;;0
2899;707;1;;;0
3297;995;2;;;0
2805;995;1;;;0
3022;743;1;;;0
3021;743;1;;;0
2011;480;1;;;0
2010;480;1;;;0
2287;555;1;;;0
2286;555;1;;;0
2295;558;1;;;0
2294;558;1;;;0
3488;937;2;;;0
609;937;1;;;0
2396;587;1;;;0
2395;587;1;;;0
2604;637;1;;;0
2603;637;1;;;0
2687;655;1;;;0
2686;655;1;;;0
2731;665;1;;;0
2730;665;1;;;0
2863;697;1;;;0
2862;697;1;;;0
2910;709;1;;;0
2909;709;1;;;0
2939;717;1;;;0
2938;717;1;;;0
3665;935;2;;;0
2711;935;1;;;0
3455;857;1;;;0
3454;857;1;;;0
1973;471;1;;;0
1972;471;1;;;0
4618;1267;1;;;0
1101;1267;1;;;0
2260;547;1;;;0
2259;547;1;;;0
3509;868;1;;;0
3508;868;1;;;0
4620;1269;1;;;0
224;1269;1;;;0
914;214;;;;0
915;214;;;;0
1057;245;;;;0
1058;245;;;;0
1926;459;;;;0
1927;459;;;;0
4623;1271;1;;;0
2471;1271;1;;;0
1842;438;1;;;0
1841;438;1;;;0
677;160;1;;;0
676;160;1;;;0
4624;1272;1;;;0
474;1272;1;;;0
3010;739;1;;;0
3009;739;1;;;0
1052;244;1;;;0
1051;244;1;;;0
3453;957;2;;;0
3000;957;1;;;0
466;109;1;;;0
465;109;1;;;0
3196;791;1;;;0
3195;791;1;;;0
1895;450;1;;;0
1894;450;1;;;0
2501;613;1;;;0
2500;613;1;;;0
968;226;1;;;0
967;226;1;;;0
3552;888;1;;;0
3551;888;1;;;0
2981;729;1;;;0
2980;729;1;;;0
4532;1235;1;;;0
1296;1235;1;;;0
3388;990;1;;;0
1610;990;1;;;0
3168;782;1;;;0
3169;782;1;;;0
4366;1189;1;;;0
1327;1189;1;;;0
3700;931;2;;;0
215;931;1;;;0
2021;483;1;;;0
2020;483;1;;;0
3434;851;1;;;0
3433;851;1;;;0
1825;1261;;;;0
4606;1261;;;;0
1743;414;1;;;0
1742;414;1;;;0
4619;1268;1;;;0
2949;1268;1;;;0
4598;1259;1;;;0
2526;1259;1;;;0
2525;618;1;;;0
2524;618;1;;;0
4678;1285;1;;;0
1616;1285;1;;;0
1157;268;1;;;0
1155;268;1;;;0
3797;998;1;;;0
772;998;1;;;0
4575;1252;1;;;0
843;1252;1;;;0
4542;1242;1;;;0
4541;1242;1;;;0
4061;1098;1;;;0
4060;1098;1;;;0
627;147;1;;;0
626;147;1;;;0
891;1023;1;;;0
3873;1023;1;;;0
4454;1218;;;;0
4455;1218;;;;0
1647;390;1;;;0
1646;390;1;;;0
1505;359;1;;;0
1504;359;1;;;0
467;110;;;;0
468;110;;;;0
691;163;;;;0
692;163;;;;0
1022;238;;;;0
1023;238;;;;0
2880;702;;;;0
2881;702;;;;0
1098;255;1;;;0
1097;255;1;;;0
2123;508;;;;0
2124;508;;;;0
4607;1262;1;;;0
3965;1262;1;;;0
706;167;1;;;0
705;167;1;;;0
2061;493;1;;;0
2060;493;1;;;0
3417;946;2;;;0
760;946;1;;;0
3479;983;1;;;0
761;983;1;;;0
759;179;1;;;0
758;179;1;;;0
1652;391;1;;;0
1651;391;1;;;0
4569;1246;1;;;0
975;1246;1;;;0
773;182;;;;0
774;182;;;;0
1329;316;;;;0
1330;316;;;;0
1200;281;;;;0
1201;281;;;;0
1426;343;;;;0
1427;343;;;;0
1486;356;;;;0
1487;356;;;;0
1660;393;;;;0
1661;393;;;;0
2129;509;;;;0
2130;509;;;;0
359;82;;;;0
360;82;;;;0
606;144;;;;0
607;144;;;;0
1260;297;;;;0
1261;297;;;;0
2615;640;;;;0
2616;640;;;;0
2654;648;;;;0
2655;648;;;;0
2425;594;;;;0
2426;594;;;;0
221;49;;;;0
222;49;;;;0
1752;416;;;;0
1753;416;;;;0
407;95;;;;0
408;95;;;;0
809;191;;;;0
810;191;;;;0
2046;490;;;;0
2047;490;;;;0
2308;561;;;;0
2310;561;;;;0
883;207;;;;0
884;207;;;;0
1094;254;1;;;0
1093;254;1;;;0
817;192;1;;;0
816;192;1;;;0
77;18;1;;;0
76;18;1;;;0
2828;687;1;;;0
2827;687;1;;;0
4713;1294;1;;;0
4712;1294;1;;;0
1979;472;1;;;0
1978;472;1;;;0
2151;515;1;;;0
2150;515;1;;;0
2335;570;1;;;0
2334;570;1;;;0
126;30;1;;;0
125;30;1;;;0
3945;1052;1;;;0
1310;1052;1;;;0
4608;1263;1;;;0
1007;1263;1;;;0
1003;234;1;;;0
1002;234;1;;;0
2692;656;1;;;0
2691;656;1;;;0
85;20;1;;;0
84;20;1;;;0
104;24;1;;;0
103;24;1;;;0
149;34;1;;;0
148;34;1;;;0
197;44;1;;;0
198;44;1;;;0
80;19;1;;;0
79;19;1;;;0
1036;240;1;;;0
1035;240;1;;;0
81;980;1;;;0
3279;980;2;;;0
3381;984;2;;;0
1880;984;1;;;0
4616;1265;1;;;0
1796;1265;1;;;0
3481;939;2;;;0
328;939;1;;;0
4;953;1;;;0
3437;953;2;;;0
139;32;1;;;0
138;32;1;;;0
3325;992;1;;;0
931;992;1;;;0
796;187;1;;;0
795;187;1;;;0
2843;692;1;;;0
2842;692;1;;;0
1074;250;1;;;0
1073;250;1;;;0
2850;694;1;;;0
2849;694;1;;;0
3040;748;1;;;0
3039;748;1;;;0
933;218;1;;;0
932;218;1;;;0
2248;544;1;;;0
2247;544;1;;;0
2993;734;1;;;0
2992;734;1;;;0
3379;985;2;;;0
2948;985;1;;;0
4357;1184;1;;;0
4356;1184;1;;;0
3162;780;1;;;0
3161;780;1;;;0
3016;741;1;;;0
3015;741;1;;;0
491;115;1;;;0
490;115;1;;;0
1125;261;1;;;0
1124;261;1;;;0
848;199;1;;;0
847;199;1;;;0
4402;1205;1;;;0
4401;1205;1;;;0
1480;354;1;;;0
1479;354;1;;;0
3805;1000;1;;;0
3804;1000;1;;;0
873;204;1;;;0
872;204;1;;;0
2645;645;1;;;0
2644;645;1;;;0
1680;398;1;;;0
1679;398;1;;;0
2761;671;1;;;0
2760;671;1;;;0
1317;313;1;;;0
1316;313;1;;;0
2665;650;1;;;0
2664;650;1;;;0
2725;664;1;;;0
2724;664;1;;;0
1831;434;1;;;0
1830;434;1;;;0
3419;979;2;;;0
319;979;1;;;0
3149;777;1;;;0
3148;777;1;;;0
1776;422;1;;;0
1775;422;1;;;0
1781;423;1;;;0
1780;423;1;;;0
3207;796;1;;;0
3206;796;1;;;0
2684;654;;;;0
2685;654;;;;0
119;28;;;;0
120;28;;;;0
166;37;;;;0
167;37;;;;0
261;59;;;;0
262;59;;;;0
369;85;;;;0
370;85;;;;0
455;107;;;;0
456;107;;;;0
537;126;;;;0
538;126;;;;0
574;134;;;;0
575;134;;;;0
593;140;;;;0
594;140;;;;0
667;157;;;;0
668;157;;;;0
897;210;;;;0
898;210;;;;0
990;231;;;;0
991;231;;;;0
1109;257;;;;0
1110;257;;;;0
2432;595;;;;0
2433;595;;;;0
1691;401;;;;0
1692;401;;;;0
961;225;1;;;0
960;225;1;;;0
74;17;1;;;0
73;17;1;;;0
1522;363;1;;;0
1521;363;1;;;0
4647;1279;1;;;0
2806;1279;2;;;0
1540;367;1;;;0
1539;367;1;;;0
3686;954;2;;;0
824;954;1;;;0
3321;944;1;;;0
1045;944;1;;;0
2944;719;1;;;0
2943;719;1;;;0
2889;704;1;;;0
2888;704;1;;;0
710;168;1;;;0
709;168;1;;;0
696;164;1;;;0
695;164;1;;;0
1945;963;1;;;0
1150;963;1;;;0
2771;673;1;;;0
2770;673;1;;;0
2199;529;1;;;0
2198;529;1;;;0
3318;277;1;;;0
1192;277;1;;;0
1113;258;1;;;0
1112;258;1;;;0
2;1;1;;;0
1;1;1;;;0
2611;639;1;;;0
2610;639;1;;;0
1902;452;1;;;0
1901;452;1;;;0
486;114;1;;;0
485;114;1;;;0
3981;1065;1;;;0
3980;1065;2;;;0
2977;728;1;;;0
2976;728;1;;;0
2779;674;1;;;0
2778;674;1;;;0
2473;606;1;;;0
2472;606;1;;;0
2321;566;1;;;0
2320;566;1;;;0
2662;649;1;;;0
2661;649;1;;;0
2072;495;1;;;0
2071;495;1;;;0
2928;713;1;;;0
2927;713;1;;;0
3366;833;1;;;0
3365;833;1;;;0
388;90;1;;;0
387;90;1;;;0
4424;1312;1;;;0
4423;1312;1;;;0
1288;305;1;;;0
1287;305;1;;;0
1477;353;1;;;0
1476;353;1;;;0
3556;889;1;;;0
3555;889;1;;;0
2436;597;1;;;0
2435;597;1;;;0
3399;1049;2;;;0
2035;1049;1;;;0
853;200;1;;;0
852;200;1;;;0
4763;1309;1;;;0
4764;1309;1;;;0
4762;1308;1;;;0
17;1308;1;;;0
972;227;1;;;0
971;227;1;;;0
3390;965;2;;;0
1644;965;1;;;0
1360;327;1;;;0
1359;327;1;;;0
3261;967;1;;;0
1284;967;1;;;0
3211;952;2;;;0
1600;952;1;;;0
1708;405;1;;;0
1707;405;1;;;0
2161;518;1;;;0
2160;518;1;;;0
596;141;1;;;0
595;141;1;;;0
2710;659;1;;;0
2708;659;1;;;0
3209;797;1;;;0
3208;797;1;;;0
3244;804;1;;;0
3243;804;1;;;0
335;76;1;;;0
334;76;1;;;0
557;129;1;;;0
556;129;1;;;0
1211;284;1;;;0
1210;284;1;;;0
1227;288;1;;;0
1226;288;1;;;0
385;89;1;;;0
384;89;1;;;0
3240;803;1;;;0
3239;803;1;;;0
3389;562;1;;;0
2311;562;1;;;0
754;177;1;;;0
753;177;1;;;0
1286;304;1;;;0
1285;304;1;;;0
3443;854;1;;;0
3442;854;1;;;0
3988;1068;1;;;0
3987;1068;1;;;0
688;162;1;;;0
687;162;1;;;0
530;124;1;;;0
529;124;1;;;0
1702;403;1;;;0
1701;403;1;;;0
3963;1059;1;;;0
3962;1059;1;;;0
886;208;1;;;0
885;208;1;;;0
780;183;1;;;0
779;183;1;;;0
3006;737;1;;;0
3005;737;1;;;0
3630;940;2;;;0
2785;940;1;;;0
208;46;1;;;0
207;46;1;;;0
153;35;1;;;0
152;35;1;;;0
2440;598;1;;;0
2439;598;1;;;0
326;74;1;;;0
325;74;1;;;0
2650;647;1;;;0
2649;647;1;;;0
2835;690;1;;;0
2834;690;1;;;0
1298;308;1;;;0
1297;308;1;;;0
3661;915;1;;;0
1751;915;1;;;0
1802;1139;;;;0
4184;1139;;;;0
4185;1140;;;;0
763;1140;;;;0
280;1142;;;;0
4190;1142;;;;0
3026;1143;;;;0
4191;1143;;;;0
61;1151;;;;0
4216;1151;;;;0
4217;1152;;;;0
290;1152;;;;0
4225;1153;;;;0
2023;1153;;;;0
2510;615;1;;;0
2509;615;1;;;0
4329;1179;;;;0
2337;1179;;;;0
664;1137;;;;0
4182;1137;;;;0
4215;1150;;;;0
2694;1150;;;;0
146;1155;;;;0
4228;1155;;;;0
1750;1158;;;;0
4232;1158;;;;0
4260;1164;;;;0
3096;1164;;;;0
2906;1166;;;;0
4269;1166;;;;0
4283;1169;;;;0
2512;1169;;;;0
1801;1170;;;;0
4284;1170;;;;0
4285;1171;;;;0
731;1171;;;;0
2517;1172;;;;0
1797;1172;;;;0
4367;1191;;;;0
2793;1191;;;;0
4374;1194;;;;0
425;1194;;;;0
1977;1198;;;;0
4379;1198;;;;0
1536;1201;;;;0
4385;1201;;;;0
4409;1209;;;;0
476;1209;;;;0
2064;1222;;;;0
4489;1222;;;;0
4499;1225;;;;0
3844;1225;;;;0
4519;1229;;;;0
2757;1229;;;;0
3571;1237;;;;0
4534;1237;;;;0
233;1239;;;;0
4538;1239;;;;0
959;1240;;;;0
4539;1240;;;;0
4557;1243;;;;0
4558;1243;;;;0
3001;1245;;;;0
4560;1245;;;;0
4722;1298;;;;0
1920;1298;;;;0
4368;1192;1;;;0
3065;1192;1;;;0
2487;609;1;;;0
2486;609;1;;;0
3793;993;1;;;0
3138;993;1;;;0
2068;494;1;;;0
2067;494;1;;;0
229;51;1;;;0
228;51;1;;;0
3205;795;1;;;0
3204;795;1;;;0
4681;1286;1;;;0
1674;1286;1;;;0
3407;947;2;;;0
1620;947;1;;;0
4580;1255;;;;0
4581;1255;;;;0
4585;1256;;;;0
4582;1256;;;;0
4583;1257;;;;0
4588;1257;;;;0
881;1283;;;;0
4673;1283;;;;0
844;1284;;;;0
4677;1284;;;;0
643;1287;;;;0
4689;1287;;;;0
642;1200;;;;0
4381;1200;;;;0
2489;1208;;;;0
4408;1208;;;;0
173;1238;;;;0
4537;1238;;;;0
4559;1244;;;;0
2414;1244;;;;0
10;1146;;;;0
4208;1146;;;;0
172;1147;;;;0
4209;1147;;;;0
1062;1188;;;;0
2400;1188;;;;0
3676;922;;;;0
1004;922;;;;0
2775;932;;;;0
3717;932;;;;0
2511;942;;;;0
3690;942;;;;0
2398;1040;;;;0
3905;1040;;;;0
2567;1072;;;;0
3993;1072;;;;0
2813;1258;;;;0
4008;1258;;;;0
2839;691;;;;0
2840;691;;;;0
2846;693;;;;0
2847;693;;;;0
2853;695;;;;0
2854;695;;;;0
3250;807;;;;0
3251;807;;;;0
3631;906;;;;0
3632;906;;;;0
3351;994;;;;0
1944;994;;;;0
791;186;;;;0
792;186;;;;0
2272;551;;;;0
2273;551;;;;0
2421;593;;;;0
2422;593;;;;0
2493;611;;;;0
2494;611;;;;0
2680;653;;;;0
2681;653;;;;0
2884;703;;;;0
2885;703;;;;0
3895;1037;;;;0
3896;1037;;;;0
743;174;;;;0
744;174;;;;0
1229;289;;;;0
1230;289;;;;0
1854;440;;;;0
1855;440;;;;0
2038;488;;;;0
2039;488;;;;0
4380;1199;1;;;0
1805;1199;1;;;0
2330;569;1;;;0
2329;569;1;;;0
2878;701;1;;;0
2877;701;1;;;0
3507;1193;;;;0
4373;1193;;;;0
1778;1212;;;;0
4426;1212;;;;0
3377;836;1;;;0
3376;836;1;;;0
1553;370;1;;;0
1552;370;1;;;0
55;14;;;;0
56;14;;;;0
581;136;;;;0
582;136;;;;0
322;73;;;;0
323;73;;;;0
1803;428;;;;0
1804;428;;;;0
416;97;;;;0
417;97;;;;0
3102;765;;;;0
3103;765;;;;0
2497;612;;;;0
2498;612;;;;0
2703;658;;;;0
2706;658;;;;0
3069;756;;;;0
3070;756;;;;0
3072;757;;;;0
3073;757;;;;0
3087;761;;;;0
3088;761;;;;0
3114;769;;;;0
3115;769;;;;0
3183;787;;;;0
3184;787;;;;0
3343;827;;;;0
3344;827;;;;0
3439;853;;;;0
3440;853;;;;0
3619;900;;;;0
3620;900;;;;0
2158;517;;;;0
2159;517;;;;0
2170;521;;;;0
2171;521;;;;0
2184;525;;;;0
2185;525;;;;0
2324;567;;;;0
2325;567;;;;0
2212;972;;;;0
1270;972;;;;0
109;25;;;;0
110;25;;;;0
2148;514;;;;0
2149;514;;;;0
2187;526;;;;0
2188;526;;;;0
2269;550;;;;0
2270;550;;;;0
2344;955;;;;0
892;955;;;;0
34;9;;;;0
35;9;;;;0
900;211;;;;0
901;211;;;;0
1372;330;;;;0
1373;330;;;;0
2697;657;;;;0
2698;657;;;;0
3172;783;;;;0
3173;783;;;;0
4493;1224;;;;0
4494;1224;;;;0
27;7;;;;0
28;7;;;;0
665;156;;;;0
666;156;;;;0
765;180;;;;0
766;180;;;;0
832;196;;;;0
833;196;;;;0
994;232;;;;0
995;232;;;;0
1922;458;;;;0
1923;458;;;;0
2016;482;;;;0
2017;482;;;;0
201;45;;;;0
202;45;;;;0
739;173;;;;0
740;173;;;;0
787;185;;;;0
788;185;;;;0
1312;312;;;;0
1313;312;;;;0
2255;546;;;;0
2256;546;;;;0
2282;554;;;;0
2283;554;;;;0
650;153;;;;0
651;153;;;;0
982;229;;;;0
983;229;;;;0
2201;1190;;;;0
770;1190;;;;0
1252;295;;;;0
1253;295;;;;0
1193;278;;;;0
1194;278;;;;0
2029;485;;;;0
2030;485;;;;0
2363;578;;;;0
2364;578;;;;0
2606;638;;;;0
2607;638;;;;0
2552;624;;;;0
2553;624;;;;0
2814;682;;;;0
2815;682;;;;0
2856;696;;;;0
2857;696;;;;0
3049;751;;;;0
3050;751;;;;0
1794;426;;;;0
1795;426;;;;0
2262;548;;;;0
2263;548;;;;0
2298;559;;;;0
2299;559;;;;0
2351;574;;;;0
2352;574;;;;0
4255;1163;;;;0
4256;1163;;;;0
4445;1216;;;;0
4446;1216;;;;0
299;68;;;;0
300;68;;;;0
1104;256;;;;0
1105;256;;;;0
251;57;;;;0
252;57;;;;0
1142;265;;;;0
1143;265;;;;0
1608;382;;;;0
1609;382;;;;0
966;1247;;;;0
4570;1247;;;;0
702;1250;;;;0
4573;1250;;;;0
1976;1266;;;;0
4617;1266;;;;0
1299;1274;;;;0
4634;1274;;;;0
554;1251;;;;0
4574;1251;;;;0
736;1253;;;;0
4576;1253;;;;0
1407;929;;;;0
3711;929;;;;0
94;930;;;;0
3716;930;;;;0
1408;1003;;;;0
3809;1003;;;;0
1584;1005;;;;0
3811;1005;;;;0
2826;1016;;;;0
3861;1016;;;;0
2916;1039;;;;0
3903;1039;;;;0
2726;1042;;;;0
3919;1042;;;;0
3933;1051;;;;0
1658;1051;;;;0
1583;1054;;;;0
3947;1054;;;;0
1881;1055;;;;0
3948;1055;;;;0
1482;1057;;;;0
3951;1057;;;;0
2971;1069;;;;0
3991;1069;;;;0
1864;1017;;;;0
3863;1017;;;;0
3921;1045;;;;0
3922;1045;;;;0
3960;1058;;;;0
3961;1058;;;;0
1506;1070;;;;0
3992;1070;;;;0
1141;1071;;;;0
1865;1071;;;;0
2022;1066;;;;0
3984;1066;;;;0
182;40;;;;0
183;40;;;;0
2145;513;;;;0
2146;513;;;;0
1905;453;;;;0
1906;453;;;;0
2969;726;;;;0
2970;726;;;;0
7;2;;;;0
8;2;;;;0
1611;383;;;;0
1612;383;;;;0
2740;667;;;;0
2741;667;;;;0
1069;249;;;;0
1070;249;;;;0
2457;602;;;;0
2458;602;;;;0
3503;867;;;;0
3504;867;;;;0
1665;394;;;;0
1667;394;;;;0
1404;338;;;;0
1405;338;;;;0
38;10;;;;0
39;10;;;;0
1940;463;;;;0
1941;463;;;;0
2367;580;;;;0
2368;580;;;;0
400;93;;;;0
401;93;;;;0
1198;280;;;;0
1199;280;;;;0
12;3;;;;0
13;3;;;;0
1163;270;;;;0
1164;270;;;;0
1604;381;;;;0
1605;381;;;;0
565;132;;;;0
566;132;;;;0
600;142;;;;0
601;142;;;;0
2360;577;;;;0
2361;577;;;;0
1914;456;;;;0
1915;456;;;;0
1917;457;;;;0
1918;457;;;;0
2549;623;1;;;0
2548;623;1;;;0
1044;242;1;;;0
1043;242;1;;;0
2516;616;1;;;0
2515;616;1;;;0
447;105;1;;;0
446;105;1;;;0
502;117;1;;;0
501;117;1;;;0
4783;1319;1;;;0
4782;1319;1;;;0
4822;1326;1;;;0
4821;1326;1;;;0
4787;1320;1;;;0
4786;1320;1;;;0
3501;866;1;;;0
3500;866;1;;;0
4420;1211;1;;;0
4419;1211;1;;;0
4043;1090;1;;;0
4042;1090;1;;;0
4527;1231;1;;;0
4526;1231;1;;;0
4108;1110;1;;;0
4107;1110;1;;;0
4352;1183;1;;;0
4351;1183;1;;;0
4213;1148;1;;;0
4212;1148;1;;;0
2009;1167;1;;;0
4271;1167;1;;;0
2118;1202;1;;;0
4386;1202;1;;;0
2051;1002;1;;;0
3808;1002;1;;;0
3827;1007;1;;;0
3826;1007;1;;;0
4441;1215;1;;;0
4440;1215;1;;;0
4517;1228;1;;;0
4516;1228;1;;;0
4241;1160;1;;;0
4240;1160;1;;;0
4626;1273;1;;;0
4625;1273;1;;;0
4611;1264;1;;;0
4610;1264;1;;;0
4692;1289;1;;;0
4691;1289;1;;;0
4737;1300;1;;;0
4736;1300;1;;;0
4664;1281;1;;;0
4663;1281;1;;;0
3624;902;1;;;0
3623;902;1;;;0
4854;1340;1;;;0
1054;1340;1;;;0
4864;1343;1;;;0
1107;1343;1;;;0
4690;1288;1;;;0
62;1288;1;;;0
4696;1290;1;;;0
3095;1290;1;;;0
1943;464;1;;;0
1942;464;1;;;0
822;193;1;;;0
823;193;1;;;0
4872;1347;1;;;0
2908;1347;1;;;0
2903;708;1;;;0
2902;708;1;;;0
4875;1349;1;;;0
134;1349;1;;;0
131;31;1;;;0
130;31;1;;;0
226;50;1;;;0
225;50;1;;;0
2991;733;1;;;0
2990;733;1;;;0
4275;1168;1;;;0
4276;1168;1;;;0
4311;1350;1;;;0
4880;1350;1;;;0
590;139;1;;;0
589;139;1;;;0
4870;1345;;;;0
1946;1345;;;;0
3645;936;2;;;0
1759;936;1;;;0
3392;842;1;;;0
3391;842;1;;;0
4327;1177;1;;;0
2602;1177;1;;;0
3347;828;1;;;0
3346;828;1;;;0
3925;1047;1;;;0
3595;1047;1;;;0
3594;894;1;;;0
3593;894;1;;;0
2952;721;1;;;0
2951;721;1;;;0
432;100;1;;;0
431;100;1;;;0
2591;633;1;;;0
2590;633;1;;;0
4641;1276;1;;;0
4406;1276;1;;;0
2315;564;1;;;0
2314;564;1;;;0
614;145;1;;;0
613;145;1;;;0
987;230;1;;;0
986;230;1;;;0
92;22;1;;;0
91;22;1;;;0
4540;1241;1;;;0
2624;1241;1;;;0
4435;1306;1;;;0
4759;1306;1;;;0
4076;1104;1;;;0
4075;1104;1;;;0
4715;1295;1;;;0
4714;1295;1;;;0
683;161;1;;;0
682;161;1;;;0
4655;1280;1;;;0
4654;1280;1;;;0
2482;608;1;;;0
2481;608;1;;;0
3273;958;2;;;0
177;958;1;;;0
4328;1178;1;;;0
945;1178;1;;;0
19;5;1;;;0
18;5;1;;;0
649;152;1;;;0
648;152;1;;;0
3580;901;1;;;0
3579;901;1;;;0
1938;462;1;;;0
1937;462;1;;;0
1445;347;1;;;0
1444;347;1;;;0
1282;303;1;;;0
1281;303;1;;;0
69;16;1;;;0
68;16;1;;;0
1748;415;1;;;0
1747;415;1;;;0
1863;442;1;;;0
1862;442;1;;;0
1586;377;1;;;0
1585;377;1;;;0
1084;252;1;;;0
1083;252;1;;;0
461;108;1;;;0
460;108;1;;;0
1244;293;1;;;0
1243;293;1;;;0
1495;357;1;;;0
1494;357;1;;;0
339;77;1;;;0
338;77;1;;;0
1344;322;1;;;0
1343;322;1;;;0
1265;298;1;;;0
1264;298;1;;;0
1949;465;1;;;0
1948;465;1;;;0
1530;365;1;;;0
1529;365;1;;;0
3667;918;1;;;0
3666;918;1;;;0
1859;441;1;;;0
1858;441;1;;;0
3047;750;1;;;0
3046;750;1;;;0
2216;534;1;;;0
2215;534;1;;;0
1548;369;1;;;0
1547;369;1;;;0
1581;376;1;;;0
1580;376;1;;;0
1965;469;1;;;0
1964;469;1;;;0
3062;754;1;;;0
3061;754;1;;;0
176;39;1;;;0
175;39;1;;;0
3569;892;1;;;0
3568;892;1;;;0
2569;628;1;;;0
2568;628;1;;;0
1460;350;1;;;0
1459;350;1;;;0
2578;630;1;;;0
2577;630;1;;;0
3323;950;2;;;0
2714;950;1;;;0
23;6;1;;;0
22;6;1;;;0
2713;660;1;;;0
2712;660;1;;;0
562;131;1;;;0
561;131;1;;;0
3462;934;2;;;0
2790;934;1;;;0
2788;676;1;;;0
2787;676;1;;;0
1879;445;1;;;0
1878;445;1;;;0
2593;634;1;;;0
2592;634;1;;;0
3837;1010;1;;;0
3836;1010;1;;;0
2737;666;1;;;0
2736;666;1;;;0
2756;670;1;;;0
2755;670;1;;;0
4487;1220;1;;;0
2717;1220;1;;;0
3024;744;1;;;0
3023;744;1;;;0
958;224;1;;;0
957;224;1;;;0
512;120;1;;;0
511;120;1;;;0
1576;375;1;;;0
1575;375;1;;;0
2242;543;1;;;0
2241;543;1;;;0
2521;617;1;;;0
2520;617;1;;;0
1403;337;1;;;0
1402;337;1;;;0
2824;686;1;;;0
2823;686;1;;;0
3708;928;1;;;0
3707;928;1;;;0
2941;718;1;;;0
2940;718;1;;;0
3079;759;1;;;0
3078;759;1;;;0
1326;315;1;;;0
1325;315;1;;;0
2374;581;1;;;0
2373;581;1;;;0
730;171;1;;;0
729;171;1;;;0
2165;519;1;;;0
2164;519;1;;;0
2110;504;1;;;0
2109;504;1;;;0
2999;736;1;;;0
2998;736;1;;;0
2915;971;1;;;0
2492;971;2;;;0
2342;571;1;;;0
2341;571;1;;;0
1384;333;1;;;0
1383;333;1;;;0
3807;1001;1;;;0
1549;1001;1;;;0
3514;956;2;;;0
962;956;1;;;0
4795;1321;1;;;0
4794;1321;1;;;0
3738;1322;1;;;0
4807;1322;1;;;0
4491;1223;1;;;0
4490;1223;1;;;0
4740;1301;1;;;0
4739;1301;1;;;0
533;125;1;;;0
532;125;1;;;0
571;133;1;;;0
570;133;1;;;0
2097;501;1;;;0
2096;501;1;;;0
4907;1358;1;;;0
2099;1358;1;;;0
2114;505;1;;;0
2113;505;1;;;0
1149;267;1;;;0
3246;267;1;;;0
4743;1302;1;;;0
4742;1302;1;;;0
4488;1221;1;;;0
1415;1221;1;;;0
4486;1219;1;;;0
2546;1219;1;;;0
4909;1359;1;;;0
4908;1359;1;;;0
4028;1087;1;;;0
4027;1087;1;;;0
3104;1270;1;;;0
4622;1270;1;;;0
3136;774;1;;;0
3135;774;1;;;0
1599;380;1;;;0
1598;380;1;;;0
1293;307;1;;;0
1292;307;1;;;0
4892;1354;1;;;0
2193;1354;1;;;0
2191;527;1;;;0
2190;527;1;;;0
4900;1357;1;;;0
2469;1357;1;;;0
2468;605;1;;;0
2467;605;1;;;0
4911;1360;1;;;0
2389;1360;1;;;0
3187;788;1;;;0
3186;788;1;;;0
4778;1317;1;;;0
4777;1317;1;;;0
4816;1325;1;;;0
4815;1325;1;;;0
4290;1173;1;;;0
347;1173;1;;;0
4708;1291;1;;;0
4707;1291;1;;;0
1676;397;1;;;0
1675;397;1;;;0
1118;260;1;;;0
1117;260;1;;;0
3363;832;1;;;0
3362;832;1;;;0
2135;510;1;;;0
2134;510;1;;;0
345;79;1;;;0
344;79;1;;;0
4925;1363;1;;;0
254;1363;1;;;0
1685;399;1;;;0
1684;399;1;;;0
2720;662;1;;;0
2719;662;1;;;0
3538;877;1;;;0
3137;877;1;;;0
245;55;1;;;0
244;55;1;;;0
4669;1282;1;;;0
4668;1282;1;;;0
2267;549;1;;;0
2266;549;1;;;0
3858;1015;1;;;0
3838;1015;1;;;0
2348;573;1;;;0
2347;573;1;;;0
4388;1203;1;;;0
4387;1203;1;;;0
4927;1364;1;;;0
144;1364;1;;;0
3356;830;1;;;0
3355;830;1;;;0
1768;420;1;;;0
1767;420;1;;;0
473;111;1;;;0
472;111;1;;;0
1146;266;1;;;0
1145;266;1;;;0
332;75;1;;;0
331;75;1;;;0
365;83;1;;;0
364;83;1;;;0
422;98;1;;;0
421;98;1;;;0
3855;1013;1;;;0
423;1013;1;;;0
3834;1011;1;;;0
3841;1011;1;;;0
4349;1181;1;;;0
4348;1181;1;;;0
2302;1035;1;;;0
3888;1035;1;;;0
2377;1356;;;;0
4899;1356;;;;0
1205;1353;;;;0
4891;1353;;;;0
392;91;1;;;0
391;91;1;;;0
4853;1339;;;;0
313;1339;;;;0
4433;1214;1;;;0
4432;1214;1;;;0
497;116;1;;;0
496;116;1;;;0
3848;1012;1;;;0
3847;1012;1;;;0
4886;1351;1;;;0
3703;1351;1;;;0
3375;961;2;;;0
3063;961;1;;;0
2614;1210;1;;;0
2918;1210;1;;;0
4929;1366;1;;;0
2077;1366;1;;;0
2076;496;1;;;0
2075;496;1;;;0
4934;1368;1;;;0
234;1368;1;;;0
231;52;1;;;0
230;52;1;;;0
4941;1369;1;;;0
1390;1369;1;;;0
1689;400;1;;;0
1688;400;1;;;0
3145;776;1;;;0
3146;776;1;;;0
2387;585;1;;;0
2386;585;1;;;0
3561;890;1;;;0
3560;890;1;;;0
756;178;1;;;0
755;178;1;;;0
3784;977;1;;;0
3783;977;1;;;0
4396;1204;1;;;0
4395;1204;1;;;0
4578;1254;1;;;0
4577;1254;1;;;0
453;106;1;;;0
452;106;1;;;0
748;175;1;;;0
747;175;1;;;0
2543;622;1;;;0
2542;622;1;;;0
718;170;1;;;0
717;170;1;;;0
1433;345;1;;;0
1432;345;1;;;0
4466;1233;1;;;0
4434;1233;1;;;0
113;26;1;;;0
112;26;1;;;0
3128;772;1;;;0
3127;772;1;;;0
1423;342;1;;;0
1422;342;1;;;0
3308;821;1;;;0
3307;821;1;;;0
4156;1154;1;;;0
4226;1154;1;;;0
1898;451;1;;;0
1897;451;1;;;0
2765;672;1;;;0
2764;672;1;;;0
1716;407;1;;;0
1714;407;1;;;0
4913;1361;1;;;0
4912;1361;1;;;0
4942;1370;1;;;0
4915;1370;1;;;0
1992;475;1;;;0
1991;475;1;;;0
275;62;1;;;0
274;62;1;;;0
3986;1067;1;;;0
3985;1067;1;;;0
4944;1372;1;;;0
2784;1372;1;;;0
4945;1373;1;;;0
1912;1373;1;;;0
1911;455;1;;;0
1910;455;1;;;0
1933;461;1;;;0
1932;461;1;;;0
4187;1141;1;;;0
4186;1141;1;;;0
3403;986;1;;;0
1245;986;1;;;0
4262;1165;1;;;0
4261;1165;1;;;0
3774;1157;1;;;0
4229;1157;1;;;0
2544;1043;1;;;0
3920;1043;1;;;0
2407;590;1;;;0
2406;590;1;;;0
4849;1336;1;;;0
4848;1336;1;;;0
241;54;1;;;0
240;54;1;;;0
1871;443;1;;;0
1870;443;1;;;0
2173;522;1;;;0
2172;522;1;;;0
801;189;1;;;0
800;189;1;;;0
4856;1341;1;;;0
4855;1341;1;;;0
4030;1227;1;;;0
4515;1227;1;;;0
4866;1344;1;;;0
4865;1344;1;;;0
4894;1355;1;;;0
4893;1355;1;;;0
3139;1174;1;;;0
4291;1174;1;;;0
3188;1362;1;;;0
3785;1362;1;;;0
4928;1365;1;;;0
395;1365;1;;;0
4943;1371;1;;;0
4718;1371;1;;;0
547;127;1;;;0
546;127;1;;;0
4951;1374;1;;;0
4950;1374;1;;;0
4957;1375;1;;;0
4956;1375;1;;;0
1190;276;1;;;0
1189;276;1;;;0
1410;339;1;;;0
1409;339;1;;;0
3780;976;1;;;0
3779;976;1;;;0
4965;1378;1;;;0
2107;1378;1;;;0
2105;503;1;;;0
2104;503;1;;;0
98;23;1;;;0
97;23;1;;;0
1570;374;1;;;0
1569;374;1;;;0
1573;1348;1;;;0
4873;1348;1;;;0
2921;711;1;;;0
2920;711;1;;;0
579;1275;1;;;0
1643;1275;1;;;0
3688;962;2;;;0
1648;962;1;;;0
937;219;1;;;0
936;219;1;;;0
768;181;1;;;0
767;181;1;;;0
3043;749;1;;;0
3042;749;1;;;0
1512;361;1;;;0
1511;361;1;;;0
3067;755;1;;;0
3066;755;1;;;0
3333;825;1;;;0
3332;825;1;;;0
3054;752;1;;;0
3053;752;1;;;0
4970;1379;1;;;0
4969;1379;1;;;0
20;1156;1;;;0
1550;1156;1;;;0
1015;236;1;;;0
1014;236;1;;;0
1568;373;1;;;0
1567;373;1;;;0
1019;237;1;;;0
1018;237;1;;;0
890;209;1;;;0
889;209;1;;;0
2208;532;1;;;0
2207;532;1;;;0
1791;425;1;;;0
1790;425;1;;;0
192;42;1;;;0
191;42;1;;;0
2782;675;1;;;0
2781;675;1;;;0
2750;669;1;;;0
2749;669;1;;;0
1721;408;1;;;0
1720;408;1;;;0
318;72;1;;;0
317;72;1;;;0
170;38;1;;;0
169;38;1;;;0
187;41;1;;;0
186;41;1;;;0
880;206;1;;;0
879;206;1;;;0
2636;1380;1;;;0
2752;1380;1;;;0
2196;528;1;;;0
2195;528;1;;;0
4710;1292;;;;0
3002;1292;;;;0
4711;1293;;;;0
1301;1293;;;;0
181;1296;;;;0
4720;1296;;;;0
4721;1297;;;;0
2695;1297;;;;0
3506;1299;;;;0
4723;1299;;;;0
597;1303;;;;0
2513;1303;;;;0
605;1304;;;;0
4754;1304;;;;0
4755;1305;;;;0
1318;1305;;;;0
1266;1307;;;;0
4761;1307;;;;0
4765;1310;;;;0
188;1310;;;;0
83;1311;;;;0
266;1311;;;;0
3;1313;;;;0
4766;1313;;;;0
3845;1314;;;;0
4767;1314;;;;0
4775;1315;;;;0
314;1315;;;;0
1033;1316;;;;0
4776;1316;;;;0
864;1318;;;;0
4779;1318;;;;0
4813;1323;;;;0
531;1323;;;;0
4814;1324;;;;0
346;1324;;;;0
2547;1327;;;;0
4828;1327;;;;0
1704;1328;;;;0
4829;1328;;;;0
4830;1329;;;;0
2416;1329;;;;0
4832;1331;;;;0
569;1331;;;;0
1769;1332;;;;0
4833;1332;;;;0
4835;1333;;;;0
1366;1333;;;;0
2488;1334;;;;0
4836;1334;;;;0
4796;1335;;;;0
4837;1335;;;;0
4852;1337;;;;0
2518;1337;;;;0
1048;1338;;;;0
1144;1338;;;;0
4860;1342;;;;0
4858;1342;;;;0
4452;1352;;;;0
4887;1352;;;;0
3995;1074;;;;0
1005;1074;;;;0
3996;1075;;;;0
1295;1075;;;;0
3997;1076;;;;0
1416;1076;;;;0
3999;1077;;;;0
3998;1077;;;;0
4006;1078;;;;0
2413;1078;;;;0
615;1079;;;;0
4007;1079;;;;0
4009;1080;;;;0
1761;1080;;;;0
4010;1081;;;;0
2399;1081;;;;0
2050;1082;;;;0
4011;1082;;;;0
95;1083;;;;0
4012;1083;;;;0
4013;1084;;;;0
918;1084;;;;0
4024;1085;;;;0
4025;1085;;;;0
4026;1086;;;;0
145;1086;;;;0
4033;1088;;;;0
527;1088;;;;0
4035;1089;;;;0
1673;1089;;;;0
4045;1091;;;;0
608;1091;;;;0
4048;1093;;;;0
1006;1093;;;;0
449;1095;;;;0
4049;1095;;;;0
171;1096;;;;0
4057;1096;;;;0
4059;1097;;;;0
1463;1097;;;;0
4065;1099;;;;0
963;1099;;;;0
4066;1100;;;;0
3842;1100;;;;0
4068;1101;;;;0
363;1101;;;;0
4074;1103;;;;0
1551;1103;;;;0
158;1106;;;;0
4082;1106;;;;0
3368;1107;;;;0
4094;1107;;;;0
4101;1108;;;;0
916;1108;;;;0
1204;1111;;;;0
4115;1111;;;;0
3077;1112;;;;0
4116;1112;;;;0
4117;1113;;;;0
893;1113;;;;0
4146;1126;;;;0
4147;1126;;;;0
4149;1127;;;;0
6;1127;;;;0
1760;1128;;;;0
4150;1128;;;;0
1574;1129;;;;0
4158;1129;;;;0
2584;1131;;;;0
4168;1131;;;;0
944;1132;;;;0
4173;1132;;;;0
4174;1133;;;;0
133;1133;;;;0
4175;1134;;;;0
2336;1134;;;;0
2716;1135;;;;0
4176;1135;;;;0
2783;1136;;;;0
4178;1136;;;;0
4183;1138;;;;0
2410;1138;;;;0
4961;1376;;;;0
4962;1376;;;;0
2229;539;;;;0
2230;539;;;;0
2252;545;;;;0
2253;545;;;;0
2279;553;;;;0
2280;553;;;;0
2291;557;;;;0
2292;557;;;;0
2305;560;;;;0
2306;560;;;;0
2326;568;;;;0
2327;568;;;;0
2892;705;;;;0
2893;705;;;;0
2931;715;;;;0
2932;715;;;;0
2960;723;;;;0
2961;723;;;;0
2995;735;;;;0
2996;735;;;;0
3132;773;;;;0
3133;773;;;;0
3153;778;;;;0
3154;778;;;;0
3166;781;;;;0
3167;781;;;;0
3282;816;;;;0
3284;816;;;;0
3570;959;;;;0
3576;959;;;;0
3081;981;;;;0
132;981;;;;0
3822;1006;;;;0
3823;1006;;;;0
4164;1130;;;;0
4165;1130;;;;0
4642;1277;;;;0
4643;1277;;;;0
4646;1278;;;;0
4157;1278;;;;0
235;53;;;;0
236;53;;;;0
305;69;;;;0
306;69;;;;0
427;99;;;;0
428;99;;;;0
1040;241;;;;0
1041;241;;;;0
1392;335;;;;0
1393;335;;;;0
1816;431;;;;0
1817;431;;;;0
1822;432;;;;0
1823;432;;;;0
2451;601;;;;0
2452;601;;;;0
2634;643;;;;0
2635;643;;;;0
2895;706;;;;0
2896;706;;;;0
3156;779;;;;0
3157;779;;;;0
58;15;;;;0
59;15;;;;0
161;36;;;;0
162;36;;;;0
264;60;;;;0
265;60;;;;0
379;88;;;;0
380;88;;;;0
841;198;;;;0
842;198;;;;0
1534;366;;;;0
1535;366;;;;0
1618;384;;;;0
1619;384;;;;0
2024;484;;;;0
2025;484;;;;0
2137;511;;;;0
2138;511;;;;0
2476;607;;;;0
2477;607;;;;0
2622;641;;;;0
2623;641;;;;0
141;33;;;;0
142;33;;;;0
519;122;;;;0
520;122;;;;0
640;150;;;;0
641;150;;;;0
733;172;;;;0
734;172;;;;0
1028;239;;;;0
1029;239;;;;0
1308;311;;;;0
1309;311;;;;0
1419;341;;;;0
1420;341;;;;0
1656;392;;;;0
1657;392;;;;0
2803;679;;;;0
2804;679;;;;0
928;217;;;;0
929;217;;;;0
942;221;;;;0
943;221;;;;0
1290;306;;;;0
1291;306;;;;0
2275;552;;;;0
2276;552;;;;0
2411;591;;;;0
2412;591;;;;0
2579;631;;;;0
2580;631;;;;0
2801;678;;;;0
2802;678;;;;0
1798;427;;;;0
1799;427;;;;0
2119;507;;;;0
2120;507;;;;0
373;86;;;;0
374;86;;;;0
1772;421;;;;0
1774;421;;;;0
294;67;;;;0
295;67;;;;0
1079;251;;;;0
1080;251;;;;0
1967;470;;;;0
1968;470;;;;0
2571;629;;;;0
2572;629;;;;0
2922;712;;;;0
2923;712;;;;0
3192;790;;;;0
3193;790;;;;0
3906;1041;;;;0
3907;1041;;;;0
4250;1162;;;;0
4251;1162;;;;0
4930;1367;;;;0
4931;1367;;;;0
1462;351;1;;;0
1461;351;1;;;0
1364;328;1;;;0
1363;328;1;;;0
674;158;1;;;0
673;158;1;;;0
2986;732;1;;;0
2985;732;1;;;0
2014;481;1;;;0
2013;481;1;;;0
3029;746;1;;;0
3028;746;1;;;0
3094;763;1;;;0
3093;763;1;;;0
3199;792;1;;;0
3198;792;1;;;0
4831;1330;1;;;0
3964;1330;1;;;0
2914;710;1;;;0
2913;710;1;;;0
4964;1377;1;;;0
550;1377;1;;;0
3076;758;1;;;0
3075;758;1;;;0
3032;747;1;;;0
3031;747;1;;;0
866;203;1;;;0
865;203;1;;;0
4871;1346;1;;;0
2393;1346;1;;;0
2392;586;1;;;0
2391;586;1;;;0
2947;720;1;;;0
2946;720;1;;;0
