MaHonPhoi,TenHonPhoi,SoHonPhoi,NoiHonPhoi,NgayHonPhoi,LinhMucChung,NguoiChung1,NguoiChung2,CachThucHonPhoi,GhiChu,MaNhanDang,UpdateDate,LastTimeChange,MaGiaoXuSyn
26,Trọng - Yến,3326,Vinh An,22/10/2012,Phaolô Trần Vĩnh Niệm,Antôn Trần Quốc Thắng,Têrêsa Phạm Thị Ngọc Linh,Hợp pháp,,6790817EC4974AE7BDDGIADINH26636628811712914608,5/25/2018 9:39:31 PM,,
27,Phú - Huyên,3332,Vinh An,02/01/2013,Phaolô Trần Vĩnh Niệm,Gioan Nguyễn Ngọc Hứa,Anna Nguyễn Thị Thu Lan,Hợp pháp,,6790817EC4974AE7BDDGIADINH27636628815875729923,5/25/2018 9:46:27 PM,,
28,Hồng - Trang,3336,Vinh An,05/01/2013,Phaolô Trần Vĩnh Niệm,Phêrô Khanh Cao Minh Đương,Maria Nguyễn Thị Hồng Nhiệm,Hợp pháp,,6790817EC4974AE7BDDGIADINH28636628828867232737,5/25/2018 10:09:21 PM,,
29,Nhật - Thảo,3339,Vinh An,04/01/2013,Anrê Trần Xuân Cương,Phaolô Cao Chiến Hiệp,Nguyễn Minh Trí,Hợp pháp,,6790817EC4974AE7BDDGIADINH29636628843052457648,5/25/2018 10:31:45 PM,,
30,Hoàn - Sương,3345,Vinh An,11/01/2013,Vinh Sơn Ngô Văn Hùng,Phêrô Phan Thiên Quốc,Maria Trần Thị Trâm,Hợp pháp,,6790817EC4974AE7BDDGIADINH30636628847858982087,5/30/2018 2:26:33 AM,,
31,Chương - Liệu,3349,Vinh An,12/01/2013,Anrê Trần Xuân Cương,Giuse Hoàng Minh Trí,Maria Hồ Ngọc Uyên Thi,Hợp pháp,,6790817EC4974AE7BDDGIADINH31636628851109103787,5/25/2018 10:45:10 PM,,
32,Phong - Khuyên,3351,Vinh An,15/01/2013,Phaolô Trần Vĩnh Niệm,Antôn Lê Văn Trường,Têrêsa Nguyễn Thị Hoàng Lan,Hợp pháp,,6790817EC4974AE7BDDGIADINH32636628852925986973,6/1/2018 8:29:34 AM,,
33,Phương - Vân,3354,Vinh An,15/01/2013,Phaolô Trần Vĩnh Niệm,Antôn Nguyễn Thái Hoài Chinh,Têrêsa Nguyễn Nữ Thiên Kiều,Hợp pháp,,C3313D8886CE461E9BCGIADINH33636628987638280503,5/26/2018 2:32:43 AM,,
34,Kiều - Hiệp,3357,Vinh An,18/01/2013,Philipphê Nguyễn Văn Hoàng,Giuse Nguyễn Anh Hồng,Maria Nguyễn Thị Thúy An,Hợp pháp,,C3313D8886CE461E9BCGIADINH34636628990210220997,5/26/2018 2:37:01 AM,,
35,Thiện - Phương,3359,Vinh An,22/01/2013,Vinh Sơn Ngô Văn Hùng,Giuse Nguyễn Hải Giang,Têrêsa Đặng Nữ Ly Ly,Hợp pháp,,C3313D8886CE461E9BCGIADINH35636628994552800610,5/26/2018 2:44:15 AM,,
36,Thịnh - Tuyền,3361,Vinh An,22/01/2013,Vinh Sơn Ngô Văn Hùng,,,,,C3313D8886CE461E9BCGIADINH36636628998580371670,5/26/2018 2:50:58 AM,,
37,Tri' - Thắng,3362,Vinh An,23/01/2013,Anrê Trần Xuân Cương,Martinô Lê Xuân Vinh,Têrêsa Nguyễn Thị Liệu,Hợp pháp,,C3313D8886CE461E9BCGIADINH37636628999806213821,5/26/2018 2:53:00 AM,,
38,Cường - Hà,3372,Vinh An,29/01/2013,Philipphê Nguyễn Văn Hoàng,Phêrô Phạm Văn Qúy,Têrêsa Nguyễn Thị Huyền Trâm,Hợp pháp,,C3313D8886CE461E9BCGIADINH38636629008064568316,5/26/2018 3:06:46 AM,,
39,Huynh - Trâm,3386,Vinh An,16/04/2013,Phaolô Trần Vĩnh Niệm,Phêrô Bùi Quang Đệ,Anna Trần Thị Mai Hiên,Hợp pháp,,C3313D8886CE461E9BCGIADINH39636629015795625889,6/1/2018 5:35:57 AM,,
40,Mậu - Hoa,3387,Vinh An,16/04/2013,Philipphê Nguyễn Văn Hoàng,Phaolô Lê Phước Hồng,Têrêsa Nguyễn Thị Kim Huệ,Hợp pháp,,C3313D8886CE461E9BCGIADINH40636629018955419422,5/26/2018 3:24:55 AM,,
41,Hùng - Vân,3388,Vinh An,19/04/2013,Vinh Sơn Ngô Văn Hùng,Phaolô Miki Đinh Quốc Hồng,Têrêsa Trần Bùi Kiều Oanh,Hợp pháp,,C3313D8886CE461E9BCGIADINH41636629020193921588,5/26/2018 3:27:12 AM,,
42,Thiện - Anh,3393,Vinh An,23/04/2013,Giuse Trần Ngọc Phương,Nguyễn Phú Quốc,Nguyễn Thị Như Luyến,Hợp pháp,,C3313D8886CE461E9BCGIADINH42636629022404293460,5/26/2018 3:30:40 AM,,
43,Diệu - Lệ,3394,Vinh Đức,25/04/2013,Phaolô Trần Vĩnh Niệm,Phêrô Thái Viết Lượng,Maria Phan Thị Thu Hiền,Hợp pháp,,C3313D8886CE461E9BCGIADINH43636629024702745474,5/26/2018 3:34:30 AM,,
44,Khôi - Thanh,3397,Vinh An,26/04/2013,Anrê Trần Xuân Cương,Gioan Ngô Xuân Nghiệp,Lucia Phạm Thị Thanh Thủy,Hợp pháp,,C3313D8886CE461E9BCGIADINH44636629032022378323,5/26/2018 3:46:42 AM,,
45,Tánh - Tiên,3400,Vinh An,02/05/2013,Phêrô Nguyễn Hùng Tiến,Phêrô Ngô Anh Tú,Têrêsa Nguyễn Thị Mỹ Loan,Hợp pháp,,E134B421E82642D6BD7GIADINH45636629039301831109,5/26/2018 3:58:50 AM,,
46,Duy - Trang,2403,Mỹ Yên,15/05/2013,Philipphê Nguyễn Văn Hoàng,Phêrô Nguyễn Phú Quốc,Maria Phạm Thị Thủy,Hợp pháp,,E134B421E82642D6BD7GIADINH46636629040946021987,5/26/2018 4:01:34 AM,,
47,Thăng - Oanh,2405,Vinh An,21/05/2013,Phaolô Trần Vĩnh Niệm,Phêrô Nguyễn Thanh Tùng,Matta Thái Thị Ngọc Cần,Hợp pháp,,E134B421E82642D6BD7GIADINH47636629044044047418,5/26/2018 4:11:41 AM,,
48,Thái - Hiền,2407,Vinh An,21/05/2013,Phaolô Trần Vĩnh Niệm,Phaolô Nguyễn Văn Chính,Maria Hoàng Thị Xuân,Hợp pháp,,E134B421E82642D6BD7GIADINH48636629048110302563,5/26/2018 4:13:31 AM,,
49,Hiến - Trúc,2408,Vinh An,24/05/2013,Vinh Sơn Ngô Văn Hùng,Phêrô Nguyễn Xuân Thanh,Inê Thành Nguyễn Nữ Kiều Điệp,Hợp pháp,,E134B421E82642D6BD7GIADINH49636629049342952720,5/26/2018 4:15:34 AM,,
50,Đoài - Thắm,2408,Vinh An,30/05/2013,Anrê Trần Xuân Cương,Antôn Nguyễn Quốc Thắng,Cecilia Nguyễn Thái Hoàng Oanh,Hợp pháp,,E134B421E82642D6BD7GIADINH50636629053832284585,5/26/2018 4:23:03 AM,,
51,Cường - Nguyên,2409,Vinh An,01/06/2013,Antôn Trương Trọng Tài,,,Hợp pháp,,E134B421E82642D6BD7GIADINH51636629056284004880,5/26/2018 4:27:08 AM,,
52,Phương - Anh,2419,Vinh An,10/07/2013,Vinh Sơn Ngô Văn Hùng,Gb Nguyễn Trung Cang,Maria Trần Thị Phượng,Hợp pháp,,E134B421E82642D6BD7GIADINH52636629065555025135,5/26/2018 4:42:35 AM,,
53,Thế - Khuyên,2423,Vinh An,19/07/2013,Vinh Sơn Ngô Văn Hùng,Giuse Đinh Bạt Tùng,Têrêsa Nguyễn Thị Ngọc Ánh,Hợp pháp,,E134B421E82642D6BD7GIADINH53636629070572517926,5/26/2018 4:50:57 AM,,
54,Khánh - Oanh,2426,Vinh An,29/07/2013,Px Trương Hồng Chương,Phêrô Lê Xuân Hà,Maria Nguyễn Thị Huyền Trâm,Hợp pháp,,4600771E7EE94E759FEGIADINH54636629074384564619,5/26/2018 4:57:18 AM,,
55,Thắng - Hạnh,2428,Vinh An,05/08/2013,Anrê Trần Xuân Cương,Phaolô Nguyễn Công Thành,Têrêsa Nguyễn Thị Ái Vân,Hợp pháp,,4600771E7EE94E759FEGIADINH55636629075345702295,5/26/2018 4:58:54 AM,,
56,Tiến - Thảo,2433,Vinh An,30/08/2013,Anrê Trần Xuân Cương,Giuse Trần Ngọc Vương,Têrêsa Trương Nữ Xuân Mai,Hợp pháp,,4600771E7EE94E759FEGIADINH56636629076959225118,5/26/2018 5:01:36 AM,,
57,Nguyên - Uyên,2435,Vinh An,06/09/2013,Vinh Sơn Ngô Văn Hùng,Giuse Lê Thái Sơn,Cecilia Bùi Phương Thủy,Hợp pháp,,4600771E7EE94E759FEGIADINH57636629088890750068,5/26/2018 5:21:29 AM,,
58,Hiệp - Thảo,2436,Vinh An,06/09/2013,Vinh Sơn Ngô Văn Hùng,Phêrô Tự Nguyễn Đức Minh Nhật,Têrêsa Trần Bùi Diễm Chi,Hợp pháp,,4600771E7EE94E759FEGIADINH58636629090120604222,6/1/2018 3:12:29 AM,,
59,Trực - Băng,2437,Vinh An,06/09/2013,Anrê Trần Xuân Cương,Phaolô Cao Minh Nhật,Cecilia Trần Thị Kim Khuyên,Hợp pháp,,4600771E7EE94E759FEGIADINH59636629092663036679,5/30/2018 9:12:55 PM,,
60,Phong - Hạnh,,Vinh An,04/01/2008,Phêrô Nguyễn Minh Huân,Gb Trần Văn Tân,Têrêsa Lê Nữ Thanh Thùy,Hợp pháp,,4600771E7EE94E759FEGIADINH60636629093896194833,5/26/2018 5:30:42 AM,,
61,Long - Tiên,2438,Vinh An,06/09/2013,Anrê Trần Xuân Cương,Phaolô Trần Quốc Tam,Cecilia Trần Lê Thủy Lài,Hợp pháp,,4600771E7EE94E759FEGIADINH61636629097628793385,6/1/2018 7:54:37 PM,,
62,Phúc - Thủy,2444,Vinh An,20/09/2013,Anrê Trần Xuân Cương,Phaolô Hà Hải Tường Tôn,Têrêsa Nguyễn Thị Lệ Thủy,Hợp pháp,,4600771E7EE94E759FEGIADINH62636629104617901642,5/26/2018 5:47:41 AM,,
63,Phước - Quyên,2445,Vinh An,04/10/2013,Px Phạm Trọng Châu,Antôn Hà Bảo Quân,Têrêsa Phạm Thị Phương Thảo,Hợp pháp,,4600771E7EE94E759FEGIADINH63636629106000632063,5/26/2018 5:50:00 AM,,
64,Nguyên - Trân,2457,Vinh An,28/12/2013,Anrê Trần Xuân Cương,Nguyễn Quốc Vũ,Maria Phan Thị Nguyên,Hợp pháp,,4600771E7EE94E759FEGIADINH64636629108513336464,5/26/2018 5:54:11 AM,,
65,Phục - Nga,2535,Vinh An,01/02/2005,Anrê Trần Xuân Cương,Phaolô Trần Đình Thái,Maria Trần Thị Ngọc Diệp,Hợp pháp,,05CB8215DA5A48DCA8CGIADINH65636631626952200036,5/29/2018 4:20:31 AM,,
66,Thịnh - Triều,,Thổ Hoàng,05/10/2016,Phaolô Lê Xuân Lộc,Px Phan Xuân Thành,Têrêsa Nguyễn Hải Yến,Hợp pháp,,05CB8215DA5A48DCA8CGIADINH66636631634285120875,5/29/2018 4:12:56 AM,,
67,Cương - Long,,Vinh An,04/01/2008,Phêrô Nguyễn Minh Huân,Antôn Nguyễn Đức Chính,Têrêsa Lê Thị Thụy,Hợp pháp,,2374B7CD3DC24849959GIADINH67636634174392500401,6/1/2018 2:37:19 AM,,
68,Thanh - Thùy,,Vinh An,10/01/2004,Gb Nguyễn Văn Sỹ,Têrêsa Nguyễn Thị Hồng Yến,Phêrô Nguyễn Văn Thiện,Hợp pháp,,2374B7CD3DC24849959GIADINH68636634183485680266,6/1/2018 2:52:28 AM,,
69,Thăng - Nhi,2857,Vinh An,18/01/2017,Phêrô Nguyễn Hùng Tiến,Gb Lê Văn Cường,Anna Nguyễn Thị Bích Huyền,Hợp pháp,,5E230702112D4CE0A89GIADINH69636634220627681426,6/1/2018 3:54:22 AM,,
70,Ngọc - Phượng,,Phú Linh,25/08/2000,Gb Nguyễn Huy Hoàng,Phêrô Phan Văn Phượng,Maria Nguyễn Thị Tam,Hợp pháp,,9F5EA1CA7F6A48BE80EGIADINH70636634788131889382,6/1/2018 7:49:32 PM,,
71,Thanh - Yên,,Xuân Lộc,12/05/2016,Antôn Nguyễn Thanh Tường,Phêrô Tống Viết Hồng Thiệp,Anna Lê Thị Thu Huyền,Hợp pháp,,9F9FC6F3C0DD4B6BA99GIADINH71636634812919172778,6/1/2018 8:21:32 PM,,
72,Phước - Thuyên,2891,Vinh An,04/04/2008,,Phêrô Trần Khải Hoàn,Têrêsa Phạm Thị Thu Ngân,Hợp pháp,,9F9FC6F3C0DD4B6BA99GIADINH72636634845278837586,6/1/2018 9:15:27 PM,,
73,Cát - Linh,,Vinh An,20/04/2012,Phaolô Trần Vĩnh Niệm,Phêrô Trương Ngọc Anh,Maria Lê Thị Bảo Yến,Hợp pháp,,9F9FC6F3C0DD4B6BA99GIADINH73636634858032543942,6/1/2018 9:36:43 PM,,
74,Vinh - Cửu,,Bác Ái,18/02/2012,Anrê Trần Xuân Cương,Giuse Hoàng Tiến Lộc,Têrêsa Nguyễn Hoàng Hải Yến,Hợp pháp,,9F9FC6F3C0DD4B6BA99GIADINH74636634867289660131,6/1/2018 9:52:09 PM,,
1,Hường - Sáng,,,08/04/2005,,,,,,47F1C508027E43D2B29GIADINH1636595514819765860,4/17/2018 8:44:42 AM,,
2,Chiến - Nhung,,,14/09/2015,,,,,,97BA6C6E7BC24B99B8CGIADINH2636596340981250782,4/18/2018 7:41:38 AM,,
3,Tâm - Hiền,,,14/04/1999,,,,,,2AD7C341173D4BFC9D7GIADINH3636602386002386685,4/25/2018 7:36:40 AM,,
4,Hưng - Ngân,,,18/05/2013,,,,,,2AD7C341173D4BFC9D7GIADINH4636602395851375853,4/25/2018 7:53:05 AM,,
5,Điểm - Mỹ,,,,,,,Hợp pháp,,BECDD8E5F4E64CEFA2FGIADINH5636603139644149946,4/26/2018 4:32:44 AM,,
6,Tuần - Đông,244,Nhà Thờ Vinh An,10/04/1969,Gb Nguyễn Quang Diệu,Giuse Lê Xuân Khâm,Anna Hà Thị Lộc,Hợp pháp,,BECDD8E5F4E64CEFA2FGIADINH6636603145825376786,4/26/2018 4:43:02 AM,,
7,Lịch - Huyền,,,,,,,Hợp pháp,,04D4EB9F8DBE437F9C8GIADINH1636595044085954986,4/17/2018 1:25:46 PM,,
8,Quế - Huệ,1188/91,Gx. Vinh An,17/01/1991,Anrê Trần Xuân Cương,Phanxicô Xaviê Phan Quang Thành,Têrêxa Phan Nữ Tuyết Hoa,Hợp pháp,,5F2862FEFD8D41E2954GIADINH2636595640459117944,4/17/2018 12:14:05 PM,,
9,Khiêm - Nhung,,,,,,,,,3C8A7D70ADE14A77AACGIADINH3636599406868462213,4/21/2018 8:51:26 PM,,
10,Hằng - Hường,2031/00,Gx. Vinh An,10/01/2000,Giuse Lâm Thanh Kỳ,Gioan Baotixita Bùi Kim Chung,Anna Trương Nữ Xuân Hương,Hợp pháp,,987DF054A9874A54AC5GIADINH9636599915873700545,4/22/2018 12:21:31 PM,,
11,Trác - Dung,311/71,Gx. Vinh An,22/04/1971,Augustinô Hoàng Đức Sinh,Gioan Baotixita Hồ Quang Thiện,Anna Trương Thị Tạo,Hợp pháp,,5DA75C51AD5943969C6GIADINH12636600162805110600,6/1/2018 9:37:15 PM,,
12,Thể - Khuyên,2423/13,Gx. Vinh An,19/07/2013,Vinhsơn Ngô Văn Hùng,Giuse Đinh Bạt Tùng,Têrêxa Nguyễn Thị Ngọc Ánh,Hợp pháp,,9B66CF779DA54D7CBDBGIADINH13636600684070781808,4/23/2018 8:29:16 AM,,
13,Tiên - Thao,,Giáo Xứ Phương Qúy, Kontum,07/01/2011,Giuse Hồ Ngọc Vũ,,,,,09369BA360174106A21GIADINH13636608035667266148,5/1/2018 9:24:26 PM,,
14,Thắng - Huyền,,Nhà Thờ Vinh An,01/07/2005,Anrê Trần Xuân Cương,Phêrô Phan Văn Liêm,Têrêsa Nguyễn Thị Thu,Hợp pháp,,0CE6E6B339B2427D8ACGIADINH14636610859128738652,5/5/2018 2:58:32 AM,,
15,Xuân - Kiều,,Nhà Thờ Vinh An,10/01/2015,Anrê Trần Xuân Cương,Phêrô Nguyễn Minh Trọng,Têrêsa Bùi Thị Kim Oanh,Hợp pháp,,6D3CFB917F614E28997GIADINH15636610881698482270,6/1/2018 8:00:01 PM,,
16,Tuấn - Hảo,,Vinh An,,Phêrô Ngô Xuân Thinh,Phêrô Nguyễn Văn Tư,Maria Nguyễn Thị Quyên,Hợp pháp,,1575742F948C46BC801GIADINH16636610889806804511,5/5/2018 3:49:40 AM,,
17,Thanh - Trung,,Nhân Hòa,,Giuse Nguyễn Đăng Điền,Giuse Nguyễn Duy Quyền,Anna Nguyễn Thị Thanh,Hợp pháp,,1575742F948C46BC801GIADINH17636610904232433687,5/5/2018 4:13:43 AM,,
18,Sang - Chi,,Nhà Thờ Vinh An,02/02/2007,Phêrô Nguyễn Minh Huân,Phaolô Phạm Trọng Trực,Maria Trần Thị Hồng Thiện,Hợp pháp,,E8D0416B6599421192BGIADINH18636610916923032194,6/1/2018 7:59:16 PM,,
19,,188/15,Gh Đức Hoà - Đức Lệ,31/08/2015,Phêrô cao tiến hà,Phêrô Nguyễn huỳnh đức,Maria đặng thị diệu thư,Hợp pháp,,2DFBB7CC261C47A4989HONPHOI19636611820837761006,5/6/2018 5:42:03 AM,,
20,Tuấn - Linh,3315,Vinh An,02/10/2012,Anrê Trần Xuân Cương,Giuse Trần Ngọc Tiến,Maria Rôsa Hồ Ngọc Khánh Ngân,Hợp pháp,,000CDD0366F947BB9D3GIADINH20636628773183351312,5/25/2018 8:36:46 PM,,
21,Dương - Thuận,3316,Vinh An,05/10/2012,Phaolô Trần Vĩnh Niệm,Augustinô Trần Hải Đăng,Maria Nguyễn Thị Vy,Hợp pháp,,000CDD0366F947BB9D3GIADINH21636628777795463399,5/25/2018 8:44:45 PM,,
22,Anh - Phương,3317,Vinh An,05/10/2012,Phaolô Trần Vĩnh Niệm,Phêrô Phạm Thanh Luân,Anna Nguyễn Phương Chi,Hợp pháp,,000CDD0366F947BB9D3GIADINH22636628781413117751,5/25/2018 8:49:01 PM,,
23,Hợp - Yến,3322,Vinh An,19/10/2012,Phaolô Trần Vĩnh Niệm,Px Hà Thục Đương,M.goretti Nguyễn Thảo Diệp,Hợp pháp,,6790817EC4974AE7BDDGIADINH23636628806267293067,5/25/2018 9:30:26 PM,,
24,Lam - Oanh,3323,Vinh An,19/10/2012,Phaolô Trần Vĩnh Niệm,Gioan Đinh Bạt Thụy Anh Chiến,Maria Cao Thị Yến Phượng,Hợp pháp,,6790817EC4974AE7BDDGIADINH24636628807450843137,5/25/2018 9:32:25 PM,,
25,Hồ - Mai,3324,Vinh An,19/10/2012,Phaolô Trần Vĩnh Niệm,Phêrô Nguyễn Văn Vương,Cecilia Trần Thị Thúy Nga,Hợp pháp,,6790817EC4974AE7BDDGIADINH25636628808471452924,5/25/2018 9:34:07 PM,,
