ID,LoaiDuLieu,MaDuLieu,DuLieu1,DuLieu2,LastTimeChange,MaGiaoXuSyn
1,1,Maria,Maria,,,
2,1,Basiliô,Basiliô,,,
3,1,Grêgoriô Nazianzênô,Grêgoriô Nazianzênô,,,
4,1,Thánh Danh,Thánh Danh,,,
5,1,Elisabeth Ann Senton,Elisabeth Ann Senton,,,
6,1,Gioan Neumann,Gioan Neumann,,,
7,1,Anrê Besset,Anrê Besset,,,
8,1,Raymunđô,Raymunđô,,,
9,1,Giuse Tuấn,Giuse Tuấn,,,
10,1,Hilariô,Hilariô,,,
11,1,Đaminh Khảm,Đaminh Khảm,,,
12,1,Giuse Tả,Giuse Tả,,,
13,1,Luca Thìn,Luca Thìn,,,
14,1,Antôn,Antôn,,,
15,1,Phabianô,Phabianô,,,
16,1,Sêbastianô,Sêbastianô,,,
17,1,Anê,Anê,,,
18,1,Vinhsơn,Vinhsơn,,,
19,1,Matthêu Đậu,Matthêu Đậu,,,
20,1,Phanxicô Tế,Phanxicô Tế,,,
21,1,Phanxicô Salêsiô,Phanxicô Salêsiô,,,
22,1,Phaolô,Phaolô,,,
23,1,Timôthêô,Timôthêô,,,
24,1,Titô,Titô,,,
25,1,Angiêla Mêrisi,Angiêla Mêrisi,,,
26,1,Tôma Aquinô,Tôma Aquinô,,,
27,1,Tôma Khuông,Tôma Khuông,,,
28,1,Gioan Boscô,Gioan Boscô,,,
29,1,Maria,Maria,,,
30,1,Gioan Ven,Gioan Ven,,,
31,1,Blasiô,Blasiô,,,
32,1,Ansgariô,Ansgariô,,,
33,1,Agatha,Agatha,,,
34,1,Phaolô Miki,Phaolô Miki,,,
35,1,Giêrônimô Emilianô,Giêrônimô Emilianô,,,
36,1,Giôsêphina Bakhita,Giôsêphina Bakhita,,,
37,1,Scholastica,Scholastica,,,
38,1,Maria,Maria,,,
39,1,Lorensô Hưởng,Lorensô Hưởng,,,
40,1,Phaolô Lộc,Phaolô Lộc,,,
41,1,Cyrillô,Cyrillô,,,
42,1,Mêthôđiô,Mêthôđiô,,,
43,1,Phêrô Đamianô,Phêrô Đamianô,,,
44,1,Pôlicarpô,Pôlicarpô,,,
45,1,Katherine Drexel,Katherine Drexel,,,
46,1,Casimirô,Casimirô,,,
47,1,Perpêtua,Perpêtua,,,
48,1,Phêlicita,Phêlicita,,,
49,1,Gioan Thiên Chúa,Gioan Thiên Chúa,,,
50,1,Phanxica Roma,Phanxica Roma,,,
51,1,Đaminh Cẩm,Đaminh Cẩm,,,
52,1,Patriciô,Patriciô,,,
53,1,Cyrillô,Cyrillô,,,
54,1,Giuse,Giuse,,,
55,1,Turibiô Môgrôvêjô,Turibiô Môgrôvêjô,,,
56,1,Maria,Maria,,,
57,1,Phanxicô Paola,Phanxicô Paola,,,
58,1,Đaminh Tước,Đaminh Tước,,,
59,1,Isiđôrô,Isiđôrô,,,
60,1,Vinhsơn Phêriê,Vinhsơn Phêriê,,,
61,1,Phaolô Tịnh,Phaolô Tịnh,,,
62,1,Gioan Bt. Lasan,Gioan Bt. Lasan,,,
63,1,Phêrô Lựu,Phêrô Lựu,,,
64,1,Stanislaô,Stanislaô,,,
65,1,Martinô I,Martinô I,,,
66,1,Anselmô,Anselmô,,,
67,1,Georgiô,Georgiô,,,
68,1,Ađalbertô,Ađalbertô,,,
69,1,Fiđêlê Sigmaringen,Fiđêlê Sigmaringen,,,
70,1,Marcô,Marcô,,,
71,1,Giaon Bt. Thành,Giaon Bt. Thành,,,
72,1,Phêrô Chanel,Phêrô Chanel,,,
73,1,Phaolô Khoan,Phaolô Khoan,,,
74,1,Phêrô Hiếu,Phêrô Hiếu,,,
75,1,Catêrina Siêna,Catêrina Siêna,,,
76,1,Piô V,Piô V,,,
77,1,Giuse Tuân,Giuse Tuân,,,
78,1,Giuse,Giuse,,,
79,1,Augustinô Đông,Augustinô Đông,,,
80,1,Gioan Hương,Gioan Hương,,,
81,1,Athanasiô,Athanasiô,,,
82,1,Philipphê,Philipphê,,,
83,1,Giacôbê,Giacôbê,,,
84,1,Giuse Lựu,Giuse Lựu,,,
85,1,Giuse Hiển,Giuse Hiển,,,
86,1,Matthêu Gẫm,Matthêu Gẫm,,,
87,1,Nêrêô,Nêrêô,,,
88,1,Achillêô,Achillêô,,,
89,1,Pancratiô,Pancratiô,,,
90,1,Maria,Maria,,,
91,1,Matthia,Matthia,,,
92,1,Isidorê,Isidorê,,,
93,1,Gioan I,Gioan I,,,
94,1,Bernarđinô Siêna,Bernarđinô Siêna,,,
95,1,Gioan Tân,Gioan Tân,,,
96,1,Christôphôrô Magallanes,Christôphôrô Magallanes,,,
97,1,Lorensô Ngôn,Lorensô Ngôn,,,
98,1,Micae Hy,Micae Hy,,,
99,1,Bêđa,Bêđa,,,
100,1,Grêgôriô VII,Grêgôriô VII,,,
101,1,Maria Mađalêna Pazzi,Maria Mađalêna Pazzi,,,
102,1,Phêrô Vân,Phêrô Vân,,,
103,1,Matthêu Phương,Matthêu Phương,,,
104,1,Philipphê Nêri,Philipphê Nêri,,,
105,1,Gioan Hoan,Gioan Hoan,,,
106,1,Augustinô,Augustinô,,,
107,1,Phaolô Hạnh,Phaolô Hạnh,,,
108,1,Maria,Maria,,,
109,1,Justinô,Justinô,,,
110,1,Giuse Túc,Giuse Túc,,,
111,1,Marcellinô,Marcellinô,,,
112,1,Phêrô,Phêrô,,,
113,1,Đaminh Ninh,Đaminh Ninh,,,
114,1,Carôlô Lwanga,Carôlô Lwanga,,,
115,1,Phaolô Dương,Phaolô Dương,,,
116,1,Bonifatiô,Bonifatiô,,,
117,1,Đaminh Huyện,Đaminh Huyện,,,
118,1,Đaminh Toái,Đaminh Toái,,,
119,1,Luca Loan,Luca Loan,,,
120,1,Norbertô,Norbertô,,,
121,1,Phêrô Dũng,Phêrô Dũng,,,
122,1,Phêrô Thuần,Phêrô Thuần,,,
123,1,Vinhsơn Dương,Vinhsơn Dương,,,
124,1,Ephrem,Ephrem,,,
125,1,Barnaba,Barnaba,,,
126,1,Augustinô Huy,Augustinô Huy,,,
127,1,Nicola Thể,Nicola Thể,,,
128,1,Maria,Maria,,,
129,1,Antôn,Antôn,,,
130,1,Anrê Tường,Anrê Tường,,,
131,1,Đaminh Mạo,Đaminh Mạo,,,
132,1,Đaminh Nguyên,Đaminh Nguyên,,,
133,1,Đaminh Nhi,Đaminh Nhi,,,
134,1,Vinhsơn Tường,Vinhsơn Tường,,,
135,1,Phêrô Đa,Phêrô Đa,,,
136,1,Rômualđô,Rômualđô,,,
137,1,Luy Gonzaga,Luy Gonzaga,,,
138,1,Paulinô,Paulinô,,,
139,1,Tôma More,Tôma More,,,
140,1,Gioan Fisher,Gioan Fisher,,,
141,1,Gioan Bt.,Gioan Bt.,,,
142,1,Đaminh Xuân,Đaminh Xuân,,,
143,1,Phanxicô Chiểu,Phanxicô Chiểu,,,
144,1,Cyrillô,Cyrillô,,,
145,1,Tôma Toán,Tôma Toán,,,
146,1,Irênê,Irênê,,,
147,1,Phêrô,Phêrô,,,
148,1,Phaolô,Phaolô,,,
149,1,Vinhsơn Yến,Vinhsơn Yến,,,
150,1,Junipero Serra,Junipero Serra,,,
151,1,Tôma,Tôma,,,
152,1,Philipphê Minh,Philipphê Minh,,,
153,1,Êlisabeth,Êlisabeth,,,
154,1,Giuse Uyển,Giuse Uyển,,,
155,1,Antôn,Antôn,,,
156,1,Maria Goretti,Maria Goretti,,,
157,1,Antôn Quỳnh,Antôn Quỳnh,,,
158,1,Phêrô Khắc Tự,Phêrô Khắc Tự,,,
159,1,Bênêđictô,Bênêđictô,,,
160,1,Clêmentê Inhaxiô Hy,Clêmentê Inhaxiô Hy,,,
161,1,Inê Thành,Inê Thành,,,
162,1,Phêrô Khanh,Phêrô Khanh,,,
163,1,Henricô,Henricô,,,
164,1,Camillô Lellis,Camillô Lellis,,,
165,1,Kateri Tekakwitha,Kateri Tekakwitha,,,
166,1,Bônaventura,Bônaventura,,,
167,1,Anrê Thông,Anrê Thông,,,
168,1,Phêrô Tuần,Phêrô Tuần,,,
169,1,Maria,Maria,,,
170,1,Đaminh Đạt,Đaminh Đạt,,,
171,1,Giuse An,Giuse An,,,
172,1,Laurensô,Laurensô,,,
173,1,Maria Mađalêna,Maria Mađalêna,,,
174,1,Brigitta,Brigitta,,,
175,1,Sarbêliô Makhluf,Sarbêliô Makhluf,,,
176,1,Giuse Hiền,Giuse Hiền,,,
177,1,Giacôbê,Giacôbê,,,
178,1,Gioakim,Gioakim,,,
179,1,Anna,Anna,,,
180,1,Anrê Phú Yên,Anrê Phú Yên,,,
181,1,Melchor Xuyên,Melchor Xuyên,,,
182,1,Martha,Martha,,,
183,1,Phêrô,Phêrô,,,
184,1,Ignatiô,Ignatiô,,,
185,1,Emmanuel Phụng,Emmanuel Phụng,,,
186,1,Phêrô Quý,Phêrô Quý,,,
187,1,Alphongsô,Alphongsô,,,
188,1,Bênađô Duệ,Bênađô Duệ,,,
189,1,Đaminh Hạnh,Đaminh Hạnh,,,
190,1,Eusêbiô,Eusêbiô,,,
191,1,Eymard,Eymard,,,
192,1,Vianney,Vianney,,,
193,1,Maria,Maria,,,
194,1,Xystô II,Xystô II,,,
195,1,Gajêtanô,Gajêtanô,,,
196,1,Đaminh,Đaminh,,,
197,1,Têrêsa Bênêđicta,Têrêsa Bênêđicta,,,
198,1,Laurensô,Laurensô,,,
199,1,Clara,Clara,,,
200,1,Joanna,Joanna,,,
201,1,Antôn Đích,Antôn Đích,,,
202,1,Giacôbê Năm,Giacôbê Năm,,,
203,1,Micae Mỹ,Micae Mỹ,,,
204,1,Pontianô,Pontianô,,,
205,1,Hippôlytô,Hippôlytô,,,
206,1,Maximilianô Kolbê,Maximilianô Kolbê,,,
207,1,Maria,Maria,,,
208,1,Stêphanô,Stêphanô,,,
209,1,Gioan Êuđê,Gioan Êuđê,,,
210,1,Bernarđô,Bernarđô,,,
211,1,Piô X,Piô X,,,
212,1,Giuse Viên,Giuse Viên,,,
213,1,Maria,Maria,,,
214,1,Rosa Lima,Rosa Lima,,,
215,1,Barthôlômêô,Barthôlômêô,,,
216,1,Giuse Calasanz,Giuse Calasanz,,,
217,1,Luy,Luy,,,
218,1,Monica,Monica,,,
219,1,Augustinô,Augustinô,,,
220,1,Gioan Bt.,Gioan Bt.,,,
221,1,Grêgôriô,Grêgôriô,,,
222,1,Giuse cảnh,Giuse cảnh,,,
223,1,Phêrô Văn Tự,Phêrô Văn Tự,,,
224,1,Maria,Maria,,,
225,1,Phêrô Claver,Phêrô Claver,,,
226,1,Gioan,Gioan,,,
227,1,Maria,Maria,,,
228,1,Conêliô,Conêliô,,,
229,1,Cyprianô,Cyprianô,,,
230,1,Robertô,Robertô,,,
231,1,Emmanuel Triệu,Emmanuel Triệu,,,
232,1,Đaminh Trạch,Đaminh Trạch,,,
233,1,Januariô,Januariô,,,
234,1,Anrê Kim Têgon,Anrê Kim Têgon,,,
235,1,Phaolô Chung Hasang,Phaolô Chung Hasang,,,
236,1,Mátthêu,Mátthêu,,,
237,1,Phanxicô Phan,Phanxicô Phan,,,
238,1,Tôma Thiện,Tôma Thiện,,,
239,1,Piô,Piô,,,
240,1,Cosma,Cosma,,,
241,1,Đamianô,Đamianô,,,
242,1,Vinhsơn Phaolô,Vinhsơn Phaolô,,,
243,1,Venceslaô,Venceslaô,,,
244,1,Laurensô Ruiz,Laurensô Ruiz,,,
245,1,Micae,Micae,,,
246,1,Gabriel,Gabriel,,,
247,1,Raphael,Raphael,,,
248,1,Giêrômiô,Giêrômiô,,,
249,1,Têrêxa,Têrêxa,,,
250,1,Phanxicô Assisi,Phanxicô Assisi,,,
251,1,Brunô,Brunô,,,
252,1,Maria Rosa,Maria Rosa,,,
253,1,Phanxicô Trung,Phanxicô Trung,,,
254,1,Maria,Maria,,,
255,1,Điônisyô,Điônisyô,,,
256,1,Gioan Lêônarđô,Gioan Lêônarđô,,,
257,1,Gioan XXIII,Gioan XXIII,,,
258,1,Phêrô Tùy,Phêrô Tùy,,,
259,1,Callistô I,Callistô I,,,
260,1,Têrêsa Giêsu,Têrêsa Giêsu,,,
261,1,Hedviges,Hedviges,,,
262,1,Margarita Alacoque,Margarita Alacoque,,,
263,1,Phanxicô Kính,Phanxicô Kính,,,
264,1,Ignatiô,Ignatiô,,,
265,1,Luca,Luca,,,
266,1,Isaac Jogues,Isaac Jogues,,,
267,1,Gioan Brêbeuf,Gioan Brêbeuf,,,
268,1,Phaolô Thánh Giá,Phaolô Thánh Giá,,,
269,1,Gioan Phaolô II,Gioan Phaolô II,,,
270,1,Gioan Capistranô,Gioan Capistranô,,,
271,1,Phaolô Bường,Phaolô Bường,,,
272,1,Antôn Clarét,Antôn Clarét,,,
273,1,Giuse Thị,Giuse Thị,,,
274,1,Simon,Simon,,,
275,1,Giuđa,Giuđa,,,
276,1,Gioan Đạt,Gioan Đạt,,,
277,1,Giêrônimô Liêm,Giêrônimô Liêm,,,
278,1,Berrio Vinh,Berrio Vinh,,,
279,1,Phêrô Bình,Phêrô Bình,,,
280,1,Martinô,Martinô,,,
281,1,Phêrô Bắc,Phêrô Bắc,,,
282,1,Carôlô,Carôlô,,,
283,1,Đaminh Mầu,Đaminh Mầu,,,
284,1,Henricô Gia,Henricô Gia,,,
285,1,Vinhsơn Liêm,Vinhsơn Liêm,,,
286,1,Gioan Bt. Côn,Gioan Bt. Côn,,,
287,1,Giuse Nghi,Giuse Nghi,,,
288,1,Martinô Thịnh,Martinô Thịnh,,,
289,1,Martinô Thọ,Martinô Thọ,,,
290,1,Phaolô Ngân,Phaolô Ngân,,,
291,1,Lêô,Lêô,,,
292,1,Martinô,Martinô,,,
293,1,Josaphat,Josaphat,,,
294,1,Frances X. Cabrini,Frances X. Cabrini,,,
295,1,Stêphanô Thể,Stêphanô Thể,,,
296,1,Albertô,Albertô,,,
297,1,Margarita,Margarita,,,
298,1,Gertruđê,Gertruđê,,,
299,1,Elizabeth,Elizabeth,,,
300,1,Phanxicô Cần,Phanxicô Cần,,,
301,1,Maria,Maria,,,
302,1,Cêcilia,Cêcilia,,,
303,1,Clêmentê I,Clêmentê I,,,
304,1,Columbanô,Columbanô,,,
305,1,Miguel Pro,Miguel Pro,,,
306,1,Phêrô Cao,Phêrô Cao,,,
307,1,Phêrô Khoa,Phêrô Khoa,,,
308,1,Vinhsơn Điểm,Vinhsơn Điểm,,,
309,1,Catarina,Catarina,,,
310,1,Đaminh Xuyên,Đaminh Xuyên,,,
311,1,Tôma Dụ,Tôma Dụ,,,
312,1,Anrê Trông,Anrê Trông,,,
313,1,Anrê,Anrê,,,
314,1,Giuse Du,Giuse Du,,,
315,1,Phanxicô Xaviê,Phanxicô Xaviê,,,
316,1,Gioan Đamas,Gioan Đamas,,,
317,1,Nicôla,Nicôla,,,
318,1,Giuse Khang,Giuse Khang,,,
319,1,Ambrôsiô,Ambrôsiô,,,
320,1,Maria,Maria,,,
321,1,Gioan Điđacô,Gioan Điđacô,,,
322,1,Đamasô,Đamasô,,,
323,1,Maria,Maria,,,
324,1,Simon Hòa,Simon Hòa,,,
325,1,Luxia,Luxia,,,
326,1,Gioan Thánh Giá,Gioan Thánh Giá,,,
327,1,Phaolô Mỹ,Phaolô Mỹ,,,
328,1,Phêrô Đường,Phêrô Đường,,,
329,1,Phêrô Truật,Phêrô Truật,,,
330,1,Augustinô Mới,Augustinô Mới,,,
331,1,Đaminh Úy,Đaminh Úy,,,
332,1,Phanxicô Mậu,Phanxicô Mậu,,,
333,1,Stêphanô Vinh,Stêphanô Vinh,,,
334,1,Tôma Đệ,Tôma Đệ,,,
335,1,Phêrô Canisiô,Phêrô Canisiô,,,
336,1,Anrê Dũng Lạc,Anrê Dũng Lạc,,,
337,1,Phêrô Thi,Phêrô Thi,,,
338,1,Gioan Kêty,Gioan Kêty,,,
339,1,Emmanuel,Emmanuel,,,
340,1,Stêphanô,Stêphanô,,,
341,1,Gioan,Gioan,,,
342,1,Tôma Becket,Tôma Becket,,,
343,1,Sylvestê,Sylvestê,,,
