MaGiaoDan;HoTen;MaGiaoHo;Phai;TenThanh;NgaySinh;NoiSinh;SoRuaToi;NgayRuaToi;NoiRuaToi;ChaRuaToi;NguoiDoDauRuaToi;NgayRuocLe;NoiRuocLe;ChaRuocLe;SoThemSuc;NgayThemSuc;NoiThemSuc;ChaThemSuc;NguoiDoDauThemSuc;TrinhDoVanHoa;NgheNghiep;ConHoc;QuaDoi;NgayQuaDoi;DienThoai;Email;DaXoa;GhiChu;UpdateDate;SoRuocLe;HoTenCha;HoTenMe;DaCoGiaDinh;GiaoDanAo;TanTong;MaNhanDang;ThuocGiaoXu;ThuocGiaoPhan;DiaChi;DanToc;NoiQuaDoi;SoAnTang;NoiAnTang;AnhDaiDien;CMND;TrinhDoChuyenMon;BietNgoaiNgu;MaGiaoXuRieng;DeleteSV;
26363;Bao Dao Do Long vo lam chi ton;49;Nam;Albertô;01/10/2018;;;;;;;;;;;;;;;;;0;0;;;;0;;2018-10-29 11:42:40;;;;0;0;0;3806AFA3201741B8A26GIAODAN1636764098880052184;;;;;;;;;;;;1221;1;
26364;Võ Cao Sơn;49;Nam;Anê;03/10/2018;Ha Noi;;01/10/2018;ABCDE;Tao;;;;;;;;;;;;0;0;;;;0;;2018-10-29 13:25:49;;Vo King;King Vo;-1;0;0;C8F3E6D3E305406EB44GIAODAN1636764110693506971;;;;;;;;;46555451;;;1221;0;
26365;Mỹ Nữ;50;Nữ;Anrê Kim Têgon;21/10/2018;Ho Chi Minh;;;;;;;;;;;;;;;;0;0;;;;0;;2018-10-29 13:25:49;;Noithing;Hahahaha;-1;0;0;C8F3E6D3E305406EB44GIAODAN2636764111360940645;;;;;;;;;556123231321;;;1221;0;
26366;Son Vo Cao;51;Nam;Ađalbertô;;;;;;;;;;;;;;;;;;0;0;;;;0;;2018-10-29 14:04:09;;;;0;0;0;554DC3CBC51843D699DGIAODAN1636764186383825598;;;;;;;;;;;;1221;0;
